<?xml version="1.0" encoding="UTF-8"?>
<osm version="0.6" generator="openstreetmap-cgimap 2.0.1 (3124549 spike-07.openstreetmap.org)" copyright="OpenStreetMap and contributors" attribution="http://www.openstreetmap.org/copyright" license="http://opendatacommons.org/licenses/odbl/1-0/">
 <bounds minlat="43.4336200" minlon="-80.5819700" maxlat="43.4369800" maxlon="-80.5761800"/>
 <node id="479711882" visible="true" version="1" changeset="2332858" timestamp="2009-09-01T04:57:48Z" user="rw__" uid="19492" lat="43.4337558" lon="-80.5751713"/>
 <node id="479711902" visible="true" version="1" changeset="2332858" timestamp="2009-09-01T04:57:56Z" user="rw__" uid="19492" lat="43.4334821" lon="-80.5749366"/>
 <node id="479711913" visible="true" version="1" changeset="2332858" timestamp="2009-09-01T04:57:57Z" user="rw__" uid="19492" lat="43.4337210" lon="-80.5749104"/>
 <node id="479918153" visible="true" version="1" changeset="2336293" timestamp="2009-09-01T13:18:27Z" user="rw__" uid="19492" lat="43.4393618" lon="-80.5896047"/>
 <node id="479918164" visible="true" version="1" changeset="2336293" timestamp="2009-09-01T13:18:28Z" user="rw__" uid="19492" lat="43.4396230" lon="-80.5898188"/>
 <node id="479918182" visible="true" version="1" changeset="2336293" timestamp="2009-09-01T13:18:28Z" user="rw__" uid="19492" lat="43.4386605" lon="-80.5887015"/>
 <node id="479918197" visible="true" version="1" changeset="2336293" timestamp="2009-09-01T13:18:28Z" user="rw__" uid="19492" lat="43.4389145" lon="-80.5889797"/>
 <node id="479918220" visible="true" version="1" changeset="2336293" timestamp="2009-09-01T13:18:29Z" user="rw__" uid="19492" lat="43.4382250" lon="-80.5883077"/>
 <node id="480005159" visible="true" version="2" changeset="76255876" timestamp="2019-10-27T02:05:11Z" user="WalterH" uid="144788" lat="43.4392615" lon="-80.5812673"/>
 <node id="549641046" visible="true" version="2" changeset="64855944" timestamp="2018-11-24T23:14:32Z" user="WalterH" uid="144788" lat="43.4324635" lon="-80.5854419"/>
 <node id="549641048" visible="true" version="2" changeset="64855944" timestamp="2018-11-24T23:14:32Z" user="WalterH" uid="144788" lat="43.4334100" lon="-80.5870158"/>
 <node id="549641049" visible="true" version="2" changeset="64855944" timestamp="2018-11-24T23:14:32Z" user="WalterH" uid="144788" lat="43.4332599" lon="-80.5865235"/>
 <node id="549641050" visible="true" version="1" changeset="3003338" timestamp="2009-11-01T02:40:50Z" user="fuego" uid="62654" lat="43.4316449" lon="-80.5797089"/>
 <node id="549641051" visible="true" version="1" changeset="3003338" timestamp="2009-11-01T02:40:50Z" user="fuego" uid="62654" lat="43.4314264" lon="-80.5801242"/>
 <node id="549641061" visible="true" version="1" changeset="3003338" timestamp="2009-11-01T02:40:50Z" user="fuego" uid="62654" lat="43.4318546" lon="-80.5818676"/>
 <node id="549641062" visible="true" version="1" changeset="3003338" timestamp="2009-11-01T02:40:50Z" user="fuego" uid="62654" lat="43.4325334" lon="-80.5842982"/>
 <node id="549641063" visible="true" version="1" changeset="3003338" timestamp="2009-11-01T02:40:50Z" user="fuego" uid="62654" lat="43.4325342" lon="-80.5834450"/>
 <node id="549641064" visible="true" version="1" changeset="3003338" timestamp="2009-11-01T02:40:50Z" user="fuego" uid="62654" lat="43.4317060" lon="-80.5815191"/>
 <node id="549641066" visible="true" version="1" changeset="3003338" timestamp="2009-11-01T02:40:50Z" user="fuego" uid="62654" lat="43.4326744" lon="-80.5828320"/>
 <node id="549641071" visible="true" version="1" changeset="3003338" timestamp="2009-11-01T02:40:50Z" user="fuego" uid="62654" lat="43.4301244" lon="-80.5787563"/>
 <node id="549641085" visible="true" version="1" changeset="3003338" timestamp="2009-11-01T02:40:51Z" user="fuego" uid="62654" lat="43.4323123" lon="-80.5743551"/>
 <node id="549641086" visible="true" version="1" changeset="3003338" timestamp="2009-11-01T02:40:51Z" user="fuego" uid="62654" lat="43.4325044" lon="-80.5748011"/>
 <node id="549641087" visible="true" version="1" changeset="3003338" timestamp="2009-11-01T02:40:51Z" user="fuego" uid="62654" lat="43.4324991" lon="-80.5745556"/>
 <node id="549641088" visible="true" version="1" changeset="3003338" timestamp="2009-11-01T02:40:51Z" user="fuego" uid="62654" lat="43.4319812" lon="-80.5787619"/>
 <node id="549641089" visible="true" version="1" changeset="3003338" timestamp="2009-11-01T02:40:51Z" user="fuego" uid="62654" lat="43.4326570" lon="-80.5750124"/>
 <node id="549641090" visible="true" version="1" changeset="3003338" timestamp="2009-11-01T02:40:51Z" user="fuego" uid="62654" lat="43.4338111" lon="-80.5753393"/>
 <node id="549641091" visible="true" version="3" changeset="88178772" timestamp="2020-07-18T15:16:39Z" user="thampton" uid="9838062" lat="43.4336088" lon="-80.5771972"/>
 <node id="549641094" visible="true" version="1" changeset="3003338" timestamp="2009-11-01T02:40:51Z" user="fuego" uid="62654" lat="43.4328024" lon="-80.5749664"/>
 <node id="549641097" visible="true" version="1" changeset="3003338" timestamp="2009-11-01T02:40:51Z" user="fuego" uid="62654" lat="43.4335999" lon="-80.5748869"/>
 <node id="549641099" visible="true" version="1" changeset="3003338" timestamp="2009-11-01T02:40:52Z" user="fuego" uid="62654" lat="43.4325287" lon="-80.5748923"/>
 <node id="549641100" visible="true" version="1" changeset="3003338" timestamp="2009-11-01T02:40:52Z" user="fuego" uid="62654" lat="43.4325254" lon="-80.5744978"/>
 <node id="549641103" visible="true" version="3" changeset="88160010" timestamp="2020-07-17T20:12:20Z" user="thampton" uid="9838062" lat="43.4391577" lon="-80.5795965"/>
 <node id="549641105" visible="true" version="1" changeset="3003338" timestamp="2009-11-01T02:40:52Z" user="fuego" uid="62654" lat="43.4368417" lon="-80.5773962"/>
 <node id="549641107" visible="true" version="1" changeset="3003338" timestamp="2009-11-01T02:40:52Z" user="fuego" uid="62654" lat="43.4365009" lon="-80.5769231"/>
 <node id="549641109" visible="true" version="2" changeset="15484163" timestamp="2013-03-24T20:10:10Z" user="permute" uid="158267" lat="43.4368738" lon="-80.5764356"/>
 <node id="549641110" visible="true" version="3" changeset="88178772" timestamp="2020-07-18T15:16:39Z" user="thampton" uid="9838062" lat="43.4367002" lon="-80.5797088"/>
 <node id="549641111" visible="true" version="2" changeset="15484163" timestamp="2013-03-24T20:10:10Z" user="permute" uid="158267" lat="43.4369822" lon="-80.5763345"/>
 <node id="549641113" visible="true" version="2" changeset="88160010" timestamp="2020-07-17T20:12:20Z" user="thampton" uid="9838062" lat="43.4356058" lon="-80.5737938"/>
 <node id="549641114" visible="true" version="1" changeset="3003338" timestamp="2009-11-01T02:40:52Z" user="fuego" uid="62654" lat="43.4355185" lon="-80.5755280"/>
 <node id="549641115" visible="true" version="1" changeset="3003338" timestamp="2009-11-01T02:40:53Z" user="fuego" uid="62654" lat="43.4355442" lon="-80.5751985"/>
 <node id="549641116" visible="true" version="1" changeset="3003338" timestamp="2009-11-01T02:40:53Z" user="fuego" uid="62654" lat="43.4360818" lon="-80.5762522"/>
 <node id="549641117" visible="true" version="1" changeset="3003338" timestamp="2009-11-01T02:40:53Z" user="fuego" uid="62654" lat="43.4364311" lon="-80.5762405"/>
 <node id="549641119" visible="true" version="2" changeset="15484163" timestamp="2013-03-24T20:10:10Z" user="permute" uid="158267" lat="43.4367816" lon="-80.5761789"/>
 <node id="549641120" visible="true" version="2" changeset="15484163" timestamp="2013-03-24T20:10:10Z" user="permute" uid="158267" lat="43.4366241" lon="-80.5760344"/>
 <node id="549641122" visible="true" version="1" changeset="3003338" timestamp="2009-11-01T02:40:53Z" user="fuego" uid="62654" lat="43.4362239" lon="-80.5759723"/>
 <node id="549641124" visible="true" version="1" changeset="3003338" timestamp="2009-11-01T02:40:53Z" user="fuego" uid="62654" lat="43.4360574" lon="-80.5743931"/>
 <node id="549641131" visible="true" version="1" changeset="3003338" timestamp="2009-11-01T02:40:53Z" user="fuego" uid="62654" lat="43.4372365" lon="-80.5776545"/>
 <node id="549641183" visible="true" version="1" changeset="3003338" timestamp="2009-11-01T02:40:55Z" user="fuego" uid="62654" lat="43.4310437" lon="-80.5725441"/>
 <node id="549641184" visible="true" version="3" changeset="88160010" timestamp="2020-07-17T20:12:20Z" user="thampton" uid="9838062" lat="43.4331435" lon="-80.5706884"/>
 <node id="549641188" visible="true" version="2" changeset="88160010" timestamp="2020-07-17T20:12:20Z" user="thampton" uid="9838062" lat="43.4323411" lon="-80.5693943"/>
 <node id="549641190" visible="true" version="3" changeset="88160010" timestamp="2020-07-17T20:12:20Z" user="thampton" uid="9838062" lat="43.4331643" lon="-80.5709719"/>
 <node id="549641197" visible="true" version="2" changeset="88160010" timestamp="2020-07-17T20:12:20Z" user="thampton" uid="9838062" lat="43.4330761" lon="-80.5712997"/>
 <node id="549641204" visible="true" version="2" changeset="88160010" timestamp="2020-07-17T20:12:20Z" user="thampton" uid="9838062" lat="43.4348981" lon="-80.5735473"/>
 <node id="549641205" visible="true" version="2" changeset="88160010" timestamp="2020-07-17T20:12:20Z" user="thampton" uid="9838062" lat="43.4352940" lon="-80.5736852"/>
 <node id="1036461401" visible="true" version="3" changeset="88160010" timestamp="2020-07-17T20:12:20Z" user="thampton" uid="9838062" lat="43.4397555" lon="-80.5780862"/>
 <node id="1036461439" visible="true" version="2" changeset="15484163" timestamp="2013-03-24T20:10:10Z" user="permute" uid="158267" lat="43.4384394" lon="-80.5790535"/>
 <node id="1036461466" visible="true" version="2" changeset="15484163" timestamp="2013-03-24T20:10:10Z" user="permute" uid="158267" lat="43.4379716" lon="-80.5786208"/>
 <node id="1036461469" visible="true" version="2" changeset="15484163" timestamp="2013-03-24T20:10:10Z" user="permute" uid="158267" lat="43.4382899" lon="-80.5787005"/>
 <node id="1036461484" visible="true" version="3" changeset="88160010" timestamp="2020-07-17T20:12:20Z" user="thampton" uid="9838062" lat="43.4389459" lon="-80.5764479"/>
 <node id="1653115630" visible="true" version="1" changeset="10830661" timestamp="2012-02-29T18:22:29Z" user="rw__" uid="19492" lat="43.4322663" lon="-80.5734577"/>
 <node id="1653115645" visible="true" version="1" changeset="10830661" timestamp="2012-02-29T18:22:29Z" user="rw__" uid="19492" lat="43.4339645" lon="-80.5753155"/>
 <node id="1653115664" visible="true" version="1" changeset="10830661" timestamp="2012-02-29T18:22:30Z" user="rw__" uid="19492" lat="43.4360757" lon="-80.5776265"/>
 <node id="1653115687" visible="true" version="1" changeset="10830661" timestamp="2012-02-29T18:22:30Z" user="rw__" uid="19492" lat="43.4380773" lon="-80.5798224"/>
 <node id="1653115708" visible="true" version="1" changeset="10830661" timestamp="2012-02-29T18:22:31Z" user="rw__" uid="19492" lat="43.4400295" lon="-80.5819812"/>
 <node id="1653115771" visible="true" version="1" changeset="10830661" timestamp="2012-02-29T18:22:32Z" user="rw__" uid="19492" lat="43.4417898" lon="-80.5839279"/>
 <node id="1653115777" visible="true" version="1" changeset="10830661" timestamp="2012-02-29T18:22:32Z" user="rw__" uid="19492" lat="43.4421178" lon="-80.5842932"/>
 <node id="1653115786" visible="true" version="1" changeset="10830661" timestamp="2012-02-29T18:22:32Z" user="rw__" uid="19492" lat="43.4426069" lon="-80.5848309"/>
 <node id="1653115819" visible="true" version="1" changeset="10830661" timestamp="2012-02-29T18:22:33Z" user="rw__" uid="19492" lat="43.4439653" lon="-80.5863273"/>
 <node id="1653115835" visible="true" version="1" changeset="10830661" timestamp="2012-02-29T18:22:34Z" user="rw__" uid="19492" lat="43.4449638" lon="-80.5874273"/>
 <node id="1653115886" visible="true" version="1" changeset="10830661" timestamp="2012-02-29T18:22:35Z" user="rw__" uid="19492" lat="43.4479430" lon="-80.5907096"/>
 <node id="1653115893" visible="true" version="1" changeset="10830661" timestamp="2012-02-29T18:22:35Z" user="rw__" uid="19492" lat="43.4485904" lon="-80.5914186"/>
 <node id="1653115981" visible="true" version="1" changeset="10830661" timestamp="2012-02-29T18:22:37Z" user="rw__" uid="19492" lat="43.4519379" lon="-80.5950855"/>
 <node id="1653116067" visible="true" version="1" changeset="10830661" timestamp="2012-02-29T18:22:39Z" user="rw__" uid="19492" lat="43.4559141" lon="-80.5994980"/>
 <node id="1653116121" visible="true" version="1" changeset="10830661" timestamp="2012-02-29T18:22:40Z" user="rw__" uid="19492" lat="43.4569640" lon="-80.6006593"/>
 <node id="1653116396" visible="true" version="1" changeset="10830661" timestamp="2012-02-29T18:22:46Z" user="rw__" uid="19492" lat="43.4622570" lon="-80.6065153"/>
 <node id="1653116432" visible="true" version="1" changeset="10830661" timestamp="2012-02-29T18:22:46Z" user="rw__" uid="19492" lat="43.4639041" lon="-80.6083522"/>
 <node id="1653116523" visible="true" version="1" changeset="10830661" timestamp="2012-02-29T18:22:48Z" user="rw__" uid="19492" lat="43.4656218" lon="-80.6102679"/>
 <node id="1653116546" visible="true" version="1" changeset="10830661" timestamp="2012-02-29T18:22:48Z" user="rw__" uid="19492" lat="43.4658876" lon="-80.6105654"/>
 <node id="1653116568" visible="true" version="1" changeset="10830661" timestamp="2012-02-29T18:22:48Z" user="rw__" uid="19492" lat="43.4665198" lon="-80.6112712"/>
 <node id="1653116598" visible="true" version="1" changeset="10830661" timestamp="2012-02-29T18:22:49Z" user="rw__" uid="19492" lat="43.4679305" lon="-80.6128459"/>
 <node id="1653116663" visible="true" version="1" changeset="10830661" timestamp="2012-02-29T18:22:50Z" user="rw__" uid="19492" lat="43.4686754" lon="-80.6136776"/>
 <node id="1653116850" visible="true" version="1" changeset="10830661" timestamp="2012-02-29T18:22:53Z" user="rw__" uid="19492" lat="43.4710466" lon="-80.6163249"/>
 <node id="1653116856" visible="true" version="1" changeset="10830661" timestamp="2012-02-29T18:22:53Z" user="rw__" uid="19492" lat="43.4711746" lon="-80.6164706"/>
 <node id="1653116863" visible="true" version="1" changeset="10830661" timestamp="2012-02-29T18:22:53Z" user="rw__" uid="19492" lat="43.4713029" lon="-80.6166140"/>
 <node id="1653116927" visible="true" version="1" changeset="10830661" timestamp="2012-02-29T18:22:55Z" user="rw__" uid="19492" lat="43.4718703" lon="-80.6172481"/>
 <node id="1653116982" visible="true" version="1" changeset="10830661" timestamp="2012-02-29T18:22:55Z" user="rw__" uid="19492" lat="43.4724379" lon="-80.6178835"/>
 <node id="1653117042" visible="true" version="1" changeset="10830661" timestamp="2012-02-29T18:22:56Z" user="rw__" uid="19492" lat="43.4740167" lon="-80.6196505"/>
 <node id="1653117092" visible="true" version="1" changeset="10830661" timestamp="2012-02-29T18:22:58Z" user="rw__" uid="19492" lat="43.4757074" lon="-80.6215358"/>
 <node id="1653117107" visible="true" version="1" changeset="10830661" timestamp="2012-02-29T18:22:58Z" user="rw__" uid="19492" lat="43.4759885" lon="-80.6218493"/>
 <node id="1653117225" visible="true" version="1" changeset="10830661" timestamp="2012-02-29T18:23:01Z" user="rw__" uid="19492" lat="43.4774088" lon="-80.6235920"/>
 <node id="1653117226" visible="true" version="1" changeset="10830661" timestamp="2012-02-29T18:23:01Z" user="rw__" uid="19492" lat="43.4774282" lon="-80.6234538"/>
 <node id="1653117353" visible="true" version="1" changeset="10830661" timestamp="2012-02-29T18:23:03Z" user="rw__" uid="19492" lat="43.4796508" lon="-80.6260904"/>
 <node id="1800124103" visible="true" version="2" changeset="88160010" timestamp="2020-07-17T20:12:20Z" user="thampton" uid="9838062" lat="43.4395117" lon="-80.5812851"/>
 <node id="1800124105" visible="true" version="3" changeset="88160010" timestamp="2020-07-17T20:12:20Z" user="thampton" uid="9838062" lat="43.4393919" lon="-80.5765042"/>
 <node id="1800124106" visible="true" version="4" changeset="88178772" timestamp="2020-07-18T15:16:39Z" user="thampton" uid="9838062" lat="43.4399269" lon="-80.5771483"/>
 <node id="1800124107" visible="true" version="3" changeset="88160010" timestamp="2020-07-17T20:12:20Z" user="thampton" uid="9838062" lat="43.4396466" lon="-80.5792224"/>
 <node id="1800124109" visible="true" version="2" changeset="88160010" timestamp="2020-07-17T20:12:20Z" user="thampton" uid="9838062" lat="43.4360954" lon="-80.5741128"/>
 <node id="1800124112" visible="true" version="3" changeset="88160010" timestamp="2020-07-17T20:12:20Z" user="thampton" uid="9838062" lat="43.4384357" lon="-80.5763916"/>
 <node id="1800124113" visible="true" version="2" changeset="88160010" timestamp="2020-07-17T20:12:20Z" user="thampton" uid="9838062" lat="43.4372348" lon="-80.5756202"/>
 <node id="1800124116" visible="true" version="3" changeset="88160010" timestamp="2020-07-17T20:12:20Z" user="thampton" uid="9838062" lat="43.4394099" lon="-80.5796853"/>
 <node id="1837958802" visible="true" version="1" changeset="12490449" timestamp="2012-07-25T18:58:59Z" user="permute" uid="158267" lat="43.4407950" lon="-80.5865566"/>
 <node id="1837958804" visible="true" version="1" changeset="12490449" timestamp="2012-07-25T18:58:59Z" user="permute" uid="158267" lat="43.4404250" lon="-80.5861274"/>
 <node id="1837958807" visible="true" version="1" changeset="12490449" timestamp="2012-07-25T18:58:59Z" user="permute" uid="158267" lat="43.4406664" lon="-80.5864761"/>
 <node id="1837958808" visible="true" version="1" changeset="12490449" timestamp="2012-07-25T18:58:59Z" user="permute" uid="158267" lat="43.4414046" lon="-80.5867296"/>
 <node id="1837958809" visible="true" version="2" changeset="22718133" timestamp="2014-06-03T16:38:23Z" user="fbax" uid="951370" lat="43.4410445" lon="-80.5866423">
  <tag k="barrier" v="gate"/>
 </node>
 <node id="1837958810" visible="true" version="1" changeset="12490449" timestamp="2012-07-25T18:59:00Z" user="permute" uid="158267" lat="43.4394823" lon="-80.5834291"/>
 <node id="1837958811" visible="true" version="1" changeset="12490449" timestamp="2012-07-25T18:59:00Z" user="permute" uid="158267" lat="43.4394823" lon="-80.5817715"/>
 <node id="1837958812" visible="true" version="1" changeset="12490449" timestamp="2012-07-25T18:59:00Z" user="permute" uid="158267" lat="43.4395018" lon="-80.5837617"/>
 <node id="1837958813" visible="true" version="1" changeset="12490449" timestamp="2012-07-25T18:59:00Z" user="permute" uid="158267" lat="43.4395602" lon="-80.5839870"/>
 <node id="1837958815" visible="true" version="1" changeset="12490449" timestamp="2012-07-25T18:59:00Z" user="permute" uid="158267" lat="43.4405340" lon="-80.5863205"/>
 <node id="1837958827" visible="true" version="1" changeset="12490449" timestamp="2012-07-25T18:59:00Z" user="permute" uid="158267" lat="43.4388591" lon="-80.5809722"/>
 <node id="1837958829" visible="true" version="1" changeset="12490449" timestamp="2012-07-25T18:59:00Z" user="permute" uid="158267" lat="43.4394278" lon="-80.5815194"/>
 <node id="1837958831" visible="true" version="1" changeset="12490449" timestamp="2012-07-25T18:59:00Z" user="permute" uid="158267" lat="43.4393265" lon="-80.5813263"/>
 <node id="1837958833" visible="true" version="1" changeset="12490449" timestamp="2012-07-25T18:59:00Z" user="permute" uid="158267" lat="43.4378503" lon="-80.5807791"/>
 <node id="1837958836" visible="true" version="1" changeset="12490449" timestamp="2012-07-25T18:59:00Z" user="permute" uid="158267" lat="43.4390071" lon="-80.5810366"/>
 <node id="1837958838" visible="true" version="1" changeset="12490449" timestamp="2012-07-25T18:59:00Z" user="permute" uid="158267" lat="43.4380372" lon="-80.5808971"/>
 <node id="1837958840" visible="true" version="1" changeset="12490449" timestamp="2012-07-25T18:59:00Z" user="permute" uid="158267" lat="43.4350729" lon="-80.5796150"/>
 <node id="1837958841" visible="true" version="1" changeset="12490449" timestamp="2012-07-25T18:59:00Z" user="permute" uid="158267" lat="43.4370011" lon="-80.5799261"/>
 <node id="1837958842" visible="true" version="1" changeset="12490449" timestamp="2012-07-25T18:59:00Z" user="permute" uid="158267" lat="43.4366349" lon="-80.5798296"/>
 <node id="1837958843" visible="true" version="1" changeset="12490449" timestamp="2012-07-25T18:59:00Z" user="permute" uid="158267" lat="43.4349444" lon="-80.5795024">
  <tag k="highway" v="turning_circle"/>
  <tag k="source" v="Bing"/>
 </node>
 <node id="1837958844" visible="true" version="1" changeset="12490449" timestamp="2012-07-25T18:59:00Z" user="permute" uid="158267" lat="43.4368297" lon="-80.5798779"/>
 <node id="1837958845" visible="true" version="1" changeset="12490449" timestamp="2012-07-25T18:59:00Z" user="permute" uid="158267" lat="43.4371787" lon="-80.5800747"/>
 <node id="1837960578" visible="true" version="2" changeset="136852660" timestamp="2023-06-02T05:17:25Z" user="jtracey" uid="1450048" lat="43.4372022" lon="-80.5804275"/>
 <node id="1837960590" visible="true" version="2" changeset="136852660" timestamp="2023-06-02T05:17:25Z" user="jtracey" uid="1450048" lat="43.4369496" lon="-80.5804680"/>
 <node id="1837960591" visible="true" version="2" changeset="136852660" timestamp="2023-06-02T05:17:25Z" user="jtracey" uid="1450048" lat="43.4370054" lon="-80.5810112"/>
 <node id="1837960592" visible="true" version="2" changeset="136852660" timestamp="2023-06-02T05:17:25Z" user="jtracey" uid="1450048" lat="43.4372533" lon="-80.5810326"/>
 <node id="2277095532" visible="true" version="1" changeset="15825859" timestamp="2013-04-22T15:23:05Z" user="permute" uid="158267" lat="43.4363196" lon="-80.5825070"/>
 <node id="2277095534" visible="true" version="2" changeset="136852660" timestamp="2023-06-02T05:17:25Z" user="jtracey" uid="1450048" lat="43.4365058" lon="-80.5803379"/>
 <node id="2277095538" visible="true" version="1" changeset="15825859" timestamp="2013-04-22T15:23:05Z" user="permute" uid="158267" lat="43.4367796" lon="-80.5815667"/>
 <node id="2277095540" visible="true" version="1" changeset="15825859" timestamp="2013-04-22T15:23:05Z" user="permute" uid="158267" lat="43.4363628" lon="-80.5823230"/>
 <node id="2277095542" visible="true" version="2" changeset="88178772" timestamp="2020-07-18T15:16:39Z" user="thampton" uid="9838062" lat="43.4340277" lon="-80.5791315"/>
 <node id="2277095548" visible="true" version="1" changeset="15825859" timestamp="2013-04-22T15:23:05Z" user="permute" uid="158267" lat="43.4364991" lon="-80.5818510"/>
 <node id="2277095567" visible="true" version="1" changeset="15825859" timestamp="2013-04-22T15:23:05Z" user="permute" uid="158267" lat="43.4358720" lon="-80.5817544"/>
 <node id="2277095571" visible="true" version="1" changeset="15825859" timestamp="2013-04-22T15:23:05Z" user="permute" uid="158267" lat="43.4361875" lon="-80.5818939"/>
 <node id="2277095577" visible="true" version="5" changeset="103664909" timestamp="2021-04-27T00:21:41Z" user="Megaminx12" uid="12375475" lat="43.4362296" lon="-80.5770883"/>
 <node id="2277095580" visible="true" version="2" changeset="88178772" timestamp="2020-07-18T15:16:39Z" user="thampton" uid="9838062" lat="43.4335466" lon="-80.5765760"/>
 <node id="2277095587" visible="true" version="2" changeset="88178772" timestamp="2020-07-18T15:16:39Z" user="thampton" uid="9838062" lat="43.4345825" lon="-80.5803386"/>
 <node id="2277095593" visible="true" version="3" changeset="103664909" timestamp="2021-04-27T00:21:41Z" user="Megaminx12" uid="12375475" lat="43.4349787" lon="-80.5755419"/>
 <node id="2277095597" visible="true" version="1" changeset="15825859" timestamp="2013-04-22T15:23:05Z" user="permute" uid="158267" lat="43.4380611" lon="-80.5812716"/>
 <node id="2277095605" visible="true" version="2" changeset="88178772" timestamp="2020-07-18T15:16:39Z" user="thampton" uid="9838062" lat="43.4338752" lon="-80.5763996"/>
 <node id="2277095607" visible="true" version="4" changeset="103664909" timestamp="2021-04-27T00:21:41Z" user="Megaminx12" uid="12375475" lat="43.4362047" lon="-80.5768722"/>
 <node id="2277095609" visible="true" version="1" changeset="15825859" timestamp="2013-04-22T15:23:06Z" user="permute" uid="158267" lat="43.4369003" lon="-80.5812072"/>
 <node id="2277095611" visible="true" version="4" changeset="103664909" timestamp="2021-04-27T00:21:41Z" user="Megaminx12" uid="12375475" lat="43.4350078" lon="-80.5758561"/>
 <node id="2277095615" visible="true" version="5" changeset="103664909" timestamp="2021-04-27T00:21:41Z" user="Megaminx12" uid="12375475" lat="43.4362588" lon="-80.5772312"/>
 <node id="2277095626" visible="true" version="4" changeset="103664909" timestamp="2021-04-27T00:21:41Z" user="Megaminx12" uid="12375475" lat="43.4348980" lon="-80.5760670"/>
 <node id="2277095641" visible="true" version="1" changeset="15825859" timestamp="2013-04-22T15:23:06Z" user="permute" uid="158267" lat="43.4375271" lon="-80.5813054"/>
 <node id="2277095650" visible="true" version="1" changeset="15825859" timestamp="2013-04-22T15:23:06Z" user="permute" uid="158267" lat="43.4342359" lon="-80.5769157"/>
 <node id="2277095653" visible="true" version="1" changeset="15825859" timestamp="2013-04-22T15:23:06Z" user="permute" uid="158267" lat="43.4357590" lon="-80.5810463"/>
 <node id="2277095656" visible="true" version="4" changeset="103664909" timestamp="2021-04-27T00:21:41Z" user="Megaminx12" uid="12375475" lat="43.4348925" lon="-80.5764114"/>
 <node id="2277095660" visible="true" version="1" changeset="15825859" timestamp="2013-04-22T15:23:06Z" user="permute" uid="158267" lat="43.4337145" lon="-80.5765788"/>
 <node id="2277095662" visible="true" version="1" changeset="15825859" timestamp="2013-04-22T15:23:06Z" user="permute" uid="158267" lat="43.4385597" lon="-80.5803811"/>
 <node id="2277095665" visible="true" version="2" changeset="136852660" timestamp="2023-06-02T05:17:25Z" user="jtracey" uid="1450048" lat="43.4363738" lon="-80.5800722"/>
 <node id="2277095671" visible="true" version="1" changeset="15825859" timestamp="2013-04-22T15:23:06Z" user="permute" uid="158267" lat="43.4353314" lon="-80.5796505"/>
 <node id="2277095690" visible="true" version="1" changeset="15825859" timestamp="2013-04-22T15:23:06Z" user="permute" uid="158267" lat="43.4352682" lon="-80.5804562"/>
 <node id="2277095696" visible="true" version="5" changeset="103664909" timestamp="2021-04-27T00:21:41Z" user="Megaminx12" uid="12375475" lat="43.4365524" lon="-80.5764223"/>
 <node id="2277095703" visible="true" version="1" changeset="15825859" timestamp="2013-04-22T15:23:07Z" user="permute" uid="158267" lat="43.4342164" lon="-80.5790990"/>
 <node id="2277095712" visible="true" version="1" changeset="15825859" timestamp="2013-04-22T15:23:07Z" user="permute" uid="158267" lat="43.4368026" lon="-80.5817989"/>
 <node id="2277095720" visible="true" version="1" changeset="15825859" timestamp="2013-04-22T15:23:07Z" user="permute" uid="158267" lat="43.4348709" lon="-80.5804938"/>
 <node id="2277095723" visible="true" version="3" changeset="103664909" timestamp="2021-04-27T00:21:41Z" user="Megaminx12" uid="12375475" lat="43.4351935" lon="-80.5765325"/>
 <node id="2277095727" visible="true" version="1" changeset="15825859" timestamp="2013-04-22T15:23:07Z" user="permute" uid="158267" lat="43.4368887" lon="-80.5808586"/>
 <node id="2277095743" visible="true" version="2" changeset="136852660" timestamp="2023-06-02T05:17:25Z" user="jtracey" uid="1450048" lat="43.4365238" lon="-80.5800930"/>
 <node id="2277095745" visible="true" version="3" changeset="103664909" timestamp="2021-04-27T00:21:41Z" user="Megaminx12" uid="12375475" lat="43.4351293" lon="-80.5764415"/>
 <node id="2277095749" visible="true" version="2" changeset="88178772" timestamp="2020-07-18T15:16:39Z" user="thampton" uid="9838062" lat="43.4361574" lon="-80.5788608"/>
 <node id="2277095756" visible="true" version="3" changeset="96405952" timestamp="2020-12-25T00:40:01Z" user="Megaminx12" uid="12375475" lat="43.4353060" lon="-80.5766586"/>
 <node id="2277095763" visible="true" version="2" changeset="136852660" timestamp="2023-06-02T05:17:25Z" user="jtracey" uid="1450048" lat="43.4363559" lon="-80.5803171"/>
 <node id="2277095766" visible="true" version="3" changeset="103664909" timestamp="2021-04-27T00:21:41Z" user="Megaminx12" uid="12375475" lat="43.4353544" lon="-80.5769350"/>
 <node id="2277095770" visible="true" version="1" changeset="15825859" timestamp="2013-04-22T15:23:07Z" user="permute" uid="158267" lat="43.4364485" lon="-80.5794048"/>
 <node id="2277095772" visible="true" version="1" changeset="15825859" timestamp="2013-04-22T15:23:07Z" user="permute" uid="158267" lat="43.4365848" lon="-80.5796301"/>
 <node id="2277095774" visible="true" version="5" changeset="103664909" timestamp="2021-04-27T00:21:41Z" user="Megaminx12" uid="12375475" lat="43.4359765" lon="-80.5773879"/>
 <node id="2277095778" visible="true" version="4" changeset="103664909" timestamp="2021-04-27T00:21:41Z" user="Megaminx12" uid="12375475" lat="43.4357623" lon="-80.5773678"/>
 <node id="2277095781" visible="true" version="2" changeset="146826470" timestamp="2024-01-29T15:18:49Z" user="carter_oswald" uid="15916614" lat="43.4361330" lon="-80.5811697"/>
 <node id="2277095785" visible="true" version="3" changeset="103664909" timestamp="2021-04-27T00:21:41Z" user="Megaminx12" uid="12375475" lat="43.4356709" lon="-80.5771142"/>
 <node id="2277095794" visible="true" version="4" changeset="103664909" timestamp="2021-04-27T00:21:41Z" user="Megaminx12" uid="12375475" lat="43.4362189" lon="-80.5773653"/>
 <node id="2277095798" visible="true" version="5" changeset="103664909" timestamp="2021-04-27T00:21:41Z" user="Megaminx12" uid="12375475" lat="43.4365060" lon="-80.5767623"/>
 <node id="2897124396" visible="true" version="4" changeset="104017431" timestamp="2021-05-03T01:40:31Z" user="Megaminx12" uid="12375475" lat="43.4348022" lon="-80.5741433"/>
 <node id="2897124397" visible="true" version="4" changeset="104017431" timestamp="2021-05-03T01:40:31Z" user="Megaminx12" uid="12375475" lat="43.4347825" lon="-80.5742043"/>
 <node id="2897124399" visible="true" version="4" changeset="104017431" timestamp="2021-05-03T01:40:31Z" user="Megaminx12" uid="12375475" lat="43.4348964" lon="-80.5742399"/>
 <node id="2897124400" visible="true" version="3" changeset="103664909" timestamp="2021-04-27T00:21:41Z" user="Megaminx12" uid="12375475" lat="43.4349465" lon="-80.5742414"/>
 <node id="2897124501" visible="true" version="3" changeset="103664909" timestamp="2021-04-27T00:21:41Z" user="Megaminx12" uid="12375475" lat="43.4350396" lon="-80.5742247"/>
 <node id="2897124502" visible="true" version="3" changeset="103664909" timestamp="2021-04-27T00:21:41Z" user="Megaminx12" uid="12375475" lat="43.4352025" lon="-80.5742692"/>
 <node id="2897124503" visible="true" version="3" changeset="103664909" timestamp="2021-04-27T00:21:41Z" user="Megaminx12" uid="12375475" lat="43.4352634" lon="-80.5743427"/>
 <node id="2897124504" visible="true" version="3" changeset="103664909" timestamp="2021-04-27T00:21:41Z" user="Megaminx12" uid="12375475" lat="43.4354348" lon="-80.5743586"/>
 <node id="2897124505" visible="true" version="3" changeset="103664909" timestamp="2021-04-27T00:21:41Z" user="Megaminx12" uid="12375475" lat="43.4356280" lon="-80.5743792"/>
 <node id="2897124506" visible="true" version="3" changeset="103664909" timestamp="2021-04-27T00:21:41Z" user="Megaminx12" uid="12375475" lat="43.4357997" lon="-80.5742897"/>
 <node id="2897124507" visible="true" version="3" changeset="103664909" timestamp="2021-04-27T00:21:41Z" user="Megaminx12" uid="12375475" lat="43.4358925" lon="-80.5742546"/>
 <node id="2897124509" visible="true" version="3" changeset="103664909" timestamp="2021-04-27T00:21:41Z" user="Megaminx12" uid="12375475" lat="43.4360351" lon="-80.5743564"/>
 <node id="2897124510" visible="true" version="3" changeset="103664909" timestamp="2021-04-27T00:21:41Z" user="Megaminx12" uid="12375475" lat="43.4360150" lon="-80.5744248"/>
 <node id="2897124511" visible="true" version="3" changeset="103664909" timestamp="2021-04-27T00:21:41Z" user="Megaminx12" uid="12375475" lat="43.4359649" lon="-80.5744120"/>
 <node id="2897124512" visible="true" version="3" changeset="103664909" timestamp="2021-04-27T00:21:41Z" user="Megaminx12" uid="12375475" lat="43.4358734" lon="-80.5745607"/>
 <node id="2897124513" visible="true" version="3" changeset="103664909" timestamp="2021-04-27T00:21:41Z" user="Megaminx12" uid="12375475" lat="43.4357877" lon="-80.5747165"/>
 <node id="2897124514" visible="true" version="3" changeset="103664909" timestamp="2021-04-27T00:21:41Z" user="Megaminx12" uid="12375475" lat="43.4356486" lon="-80.5748304"/>
 <node id="2897124515" visible="true" version="3" changeset="103664909" timestamp="2021-04-27T00:21:41Z" user="Megaminx12" uid="12375475" lat="43.4355996" lon="-80.5749256"/>
 <node id="2897124516" visible="true" version="3" changeset="103664909" timestamp="2021-04-27T00:21:41Z" user="Megaminx12" uid="12375475" lat="43.4356045" lon="-80.5749883"/>
 <node id="2897124517" visible="true" version="3" changeset="96405952" timestamp="2020-12-25T00:40:01Z" user="Megaminx12" uid="12375475" lat="43.4355003" lon="-80.5752817"/>
 <node id="2897124518" visible="true" version="3" changeset="96405952" timestamp="2020-12-25T00:40:01Z" user="Megaminx12" uid="12375475" lat="43.4354788" lon="-80.5754441"/>
 <node id="2897124519" visible="true" version="5" changeset="104017431" timestamp="2021-05-03T01:40:31Z" user="Megaminx12" uid="12375475" lat="43.4354743" lon="-80.5755260"/>
 <node id="2897124520" visible="true" version="5" changeset="104017431" timestamp="2021-05-03T01:40:31Z" user="Megaminx12" uid="12375475" lat="43.4355829" lon="-80.5758600"/>
 <node id="2897124521" visible="true" version="4" changeset="103664909" timestamp="2021-04-27T00:21:41Z" user="Megaminx12" uid="12375475" lat="43.4356181" lon="-80.5759122"/>
 <node id="2897124522" visible="true" version="4" changeset="103664909" timestamp="2021-04-27T00:21:41Z" user="Megaminx12" uid="12375475" lat="43.4356732" lon="-80.5760312"/>
 <node id="2897124523" visible="true" version="4" changeset="103664909" timestamp="2021-04-27T00:21:41Z" user="Megaminx12" uid="12375475" lat="43.4359753" lon="-80.5763042"/>
 <node id="2897124525" visible="true" version="3" changeset="96405952" timestamp="2020-12-25T00:40:01Z" user="Megaminx12" uid="12375475" lat="43.4360148" lon="-80.5762638"/>
 <node id="2897124526" visible="true" version="4" changeset="103664909" timestamp="2021-04-27T00:21:41Z" user="Megaminx12" uid="12375475" lat="43.4361118" lon="-80.5762234"/>
 <node id="2897124527" visible="true" version="4" changeset="103664909" timestamp="2021-04-27T00:21:41Z" user="Megaminx12" uid="12375475" lat="43.4361942" lon="-80.5761316"/>
 <node id="2897124528" visible="true" version="4" changeset="103664909" timestamp="2021-04-27T00:21:41Z" user="Megaminx12" uid="12375475" lat="43.4362084" lon="-80.5760779"/>
 <node id="2897124530" visible="true" version="4" changeset="103664909" timestamp="2021-04-27T00:21:41Z" user="Megaminx12" uid="12375475" lat="43.4363283" lon="-80.5762109"/>
 <node id="2897161376" visible="true" version="5" changeset="103664909" timestamp="2021-04-27T00:21:41Z" user="Megaminx12" uid="12375475" lat="43.4390428" lon="-80.5792946"/>
 <node id="2897161377" visible="true" version="3" changeset="103664909" timestamp="2021-04-27T00:21:41Z" user="Megaminx12" uid="12375475" lat="43.4389568" lon="-80.5792345"/>
 <node id="2897161378" visible="true" version="3" changeset="103664909" timestamp="2021-04-27T00:21:41Z" user="Megaminx12" uid="12375475" lat="43.4388127" lon="-80.5791864"/>
 <node id="2897161379" visible="true" version="3" changeset="103664909" timestamp="2021-04-27T00:21:41Z" user="Megaminx12" uid="12375475" lat="43.4386548" lon="-80.5791055"/>
 <node id="2897161380" visible="true" version="3" changeset="103664909" timestamp="2021-04-27T00:21:41Z" user="Megaminx12" uid="12375475" lat="43.4385685" lon="-80.5790065"/>
 <node id="2897161381" visible="true" version="3" changeset="103664909" timestamp="2021-04-27T00:21:41Z" user="Megaminx12" uid="12375475" lat="43.4384934" lon="-80.5789796"/>
 <node id="2897161382" visible="true" version="3" changeset="103664909" timestamp="2021-04-27T00:21:41Z" user="Megaminx12" uid="12375475" lat="43.4383507" lon="-80.5787242"/>
 <node id="2897161383" visible="true" version="3" changeset="103664909" timestamp="2021-04-27T00:21:41Z" user="Megaminx12" uid="12375475" lat="43.4382245" lon="-80.5785801"/>
 <node id="2897161384" visible="true" version="3" changeset="103664909" timestamp="2021-04-27T00:21:41Z" user="Megaminx12" uid="12375475" lat="43.4381659" lon="-80.5785348"/>
 <node id="2897161385" visible="true" version="3" changeset="103664909" timestamp="2021-04-27T00:21:41Z" user="Megaminx12" uid="12375475" lat="43.4379552" lon="-80.5784523"/>
 <node id="2897161386" visible="true" version="3" changeset="103664909" timestamp="2021-04-27T00:21:41Z" user="Megaminx12" uid="12375475" lat="43.4379454" lon="-80.5783948"/>
 <node id="2897161387" visible="true" version="2" changeset="103664909" timestamp="2021-04-27T00:21:41Z" user="Megaminx12" uid="12375475" lat="43.4378797" lon="-80.5782645"/>
 <node id="2897161388" visible="true" version="2" changeset="103664909" timestamp="2021-04-27T00:21:41Z" user="Megaminx12" uid="12375475" lat="43.4377333" lon="-80.5781162"/>
 <node id="2897161389" visible="true" version="3" changeset="103664909" timestamp="2021-04-27T00:21:41Z" user="Megaminx12" uid="12375475" lat="43.4377231" lon="-80.5780440"/>
 <node id="2897161390" visible="true" version="2" changeset="41380000" timestamp="2016-08-11T04:02:30Z" user="fuego" uid="62654" lat="43.4376467" lon="-80.5779700"/>
 <node id="2897161391" visible="true" version="3" changeset="103664909" timestamp="2021-04-27T00:21:41Z" user="Megaminx12" uid="12375475" lat="43.4375667" lon="-80.5777577"/>
 <node id="2897161392" visible="true" version="3" changeset="103664909" timestamp="2021-04-27T00:21:41Z" user="Megaminx12" uid="12375475" lat="43.4374623" lon="-80.5775944"/>
 <node id="2897161393" visible="true" version="3" changeset="103664909" timestamp="2021-04-27T00:21:41Z" user="Megaminx12" uid="12375475" lat="43.4373854" lon="-80.5775729"/>
 <node id="2897161394" visible="true" version="3" changeset="103664909" timestamp="2021-04-27T00:21:41Z" user="Megaminx12" uid="12375475" lat="43.4373237" lon="-80.5775883"/>
 <node id="2897161395" visible="true" version="3" changeset="103664909" timestamp="2021-04-27T00:21:41Z" user="Megaminx12" uid="12375475" lat="43.4371185" lon="-80.5773618"/>
 <node id="2897161396" visible="true" version="3" changeset="103664909" timestamp="2021-04-27T00:21:41Z" user="Megaminx12" uid="12375475" lat="43.4370923" lon="-80.5772782"/>
 <node id="2897161397" visible="true" version="3" changeset="103664909" timestamp="2021-04-27T00:21:41Z" user="Megaminx12" uid="12375475" lat="43.4369732" lon="-80.5773386"/>
 <node id="2897161398" visible="true" version="3" changeset="103664909" timestamp="2021-04-27T00:21:41Z" user="Megaminx12" uid="12375475" lat="43.4369060" lon="-80.5774104"/>
 <node id="2897161399" visible="true" version="3" changeset="103664909" timestamp="2021-04-27T00:21:41Z" user="Megaminx12" uid="12375475" lat="43.4368941" lon="-80.5771519"/>
 <node id="2897161400" visible="true" version="4" changeset="103664909" timestamp="2021-04-27T00:21:41Z" user="Megaminx12" uid="12375475" lat="43.4369620" lon="-80.5768706"/>
 <node id="2897166101" visible="true" version="4" changeset="103664909" timestamp="2021-04-27T00:21:41Z" user="Megaminx12" uid="12375475" lat="43.4370131" lon="-80.5768051"/>
 <node id="2897166102" visible="true" version="4" changeset="103664909" timestamp="2021-04-27T00:21:41Z" user="Megaminx12" uid="12375475" lat="43.4370608" lon="-80.5767686"/>
 <node id="2897166111" visible="true" version="4" changeset="103664909" timestamp="2021-04-27T00:21:41Z" user="Megaminx12" uid="12375475" lat="43.4346653" lon="-80.5748739"/>
 <node id="2897166112" visible="true" version="2" changeset="103664909" timestamp="2021-04-27T00:21:41Z" user="Megaminx12" uid="12375475" lat="43.4349548" lon="-80.5753970"/>
 <node id="2897166116" visible="true" version="5" changeset="103664909" timestamp="2021-04-27T00:21:41Z" user="Megaminx12" uid="12375475" lat="43.4364672" lon="-80.5763066"/>
 <node id="2897186826" visible="true" version="4" changeset="103664909" timestamp="2021-04-27T00:21:41Z" user="Megaminx12" uid="12375475" lat="43.4346224" lon="-80.5747752"/>
 <node id="2897186827" visible="true" version="4" changeset="103664909" timestamp="2021-04-27T00:21:41Z" user="Megaminx12" uid="12375475" lat="43.4345928" lon="-80.5746081"/>
 <node id="2897186831" visible="true" version="4" changeset="103664909" timestamp="2021-04-27T00:21:41Z" user="Megaminx12" uid="12375475" lat="43.4346163" lon="-80.5745271"/>
 <node id="2897211051" visible="true" version="4" changeset="104017431" timestamp="2021-05-03T01:40:31Z" user="Megaminx12" uid="12375475" lat="43.4348307" lon="-80.5740708"/>
 <node id="3715137312" visible="true" version="3" changeset="103664909" timestamp="2021-04-27T00:21:41Z" user="Megaminx12" uid="12375475" lat="43.4371318" lon="-80.5762161"/>
 <node id="3715137316" visible="true" version="3" changeset="103664909" timestamp="2021-04-27T00:21:41Z" user="Megaminx12" uid="12375475" lat="43.4372082" lon="-80.5760208"/>
 <node id="3715137318" visible="true" version="3" changeset="103664909" timestamp="2021-04-27T00:21:41Z" user="Megaminx12" uid="12375475" lat="43.4372120" lon="-80.5759413"/>
 <node id="3715137319" visible="true" version="3" changeset="103664909" timestamp="2021-04-27T00:21:41Z" user="Megaminx12" uid="12375475" lat="43.4372064" lon="-80.5758764"/>
 <node id="3715137321" visible="true" version="3" changeset="103664909" timestamp="2021-04-27T00:21:41Z" user="Megaminx12" uid="12375475" lat="43.4372549" lon="-80.5758100"/>
 <node id="3715138425" visible="true" version="2" changeset="41380000" timestamp="2016-08-11T04:02:32Z" user="fuego" uid="62654" lat="43.4373240" lon="-80.5757571"/>
 <node id="3715138428" visible="true" version="2" changeset="41380000" timestamp="2016-08-11T04:02:32Z" user="fuego" uid="62654" lat="43.4373823" lon="-80.5757839"/>
 <node id="3715138430" visible="true" version="3" changeset="103664909" timestamp="2021-04-27T00:21:41Z" user="Megaminx12" uid="12375475" lat="43.4374268" lon="-80.5758124"/>
 <node id="3715138431" visible="true" version="2" changeset="41380000" timestamp="2016-08-11T04:02:32Z" user="fuego" uid="62654" lat="43.4375066" lon="-80.5762107"/>
 <node id="3715138433" visible="true" version="3" changeset="103664909" timestamp="2021-04-27T00:21:41Z" user="Megaminx12" uid="12375475" lat="43.4375155" lon="-80.5761664"/>
 <node id="3715138434" visible="true" version="3" changeset="103664909" timestamp="2021-04-27T00:21:41Z" user="Megaminx12" uid="12375475" lat="43.4375045" lon="-80.5759611"/>
 <node id="3715138435" visible="true" version="3" changeset="103664909" timestamp="2021-04-27T00:21:41Z" user="Megaminx12" uid="12375475" lat="43.4375360" lon="-80.5760266"/>
 <node id="3715138436" visible="true" version="2" changeset="41380000" timestamp="2016-08-11T04:02:32Z" user="fuego" uid="62654" lat="43.4375310" lon="-80.5761248"/>
 <node id="3715138437" visible="true" version="3" changeset="103664909" timestamp="2021-04-27T00:21:41Z" user="Megaminx12" uid="12375475" lat="43.4375304" lon="-80.5763547"/>
 <node id="3715138442" visible="true" version="3" changeset="103664909" timestamp="2021-04-27T00:21:41Z" user="Megaminx12" uid="12375475" lat="43.4375807" lon="-80.5763866"/>
 <node id="3715138444" visible="true" version="2" changeset="103664909" timestamp="2021-04-27T00:21:41Z" user="Megaminx12" uid="12375475" lat="43.4376298" lon="-80.5763740"/>
 <node id="3715138446" visible="true" version="3" changeset="103664909" timestamp="2021-04-27T00:21:41Z" user="Megaminx12" uid="12375475" lat="43.4376569" lon="-80.5763775"/>
 <node id="3715138448" visible="true" version="3" changeset="103664909" timestamp="2021-04-27T00:21:41Z" user="Megaminx12" uid="12375475" lat="43.4377205" lon="-80.5762912"/>
 <node id="3715138449" visible="true" version="3" changeset="103664909" timestamp="2021-04-27T00:21:41Z" user="Megaminx12" uid="12375475" lat="43.4377966" lon="-80.5762957"/>
 <node id="3715138451" visible="true" version="2" changeset="41380000" timestamp="2016-08-11T04:02:32Z" user="fuego" uid="62654" lat="43.4378462" lon="-80.5762896"/>
 <node id="3715138455" visible="true" version="2" changeset="41380000" timestamp="2016-08-11T04:02:32Z" user="fuego" uid="62654" lat="43.4378722" lon="-80.5763518"/>
 <node id="3715138457" visible="true" version="2" changeset="41380000" timestamp="2016-08-11T04:02:32Z" user="fuego" uid="62654" lat="43.4378823" lon="-80.5764094"/>
 <node id="3715138458" visible="true" version="1" changeset="33594150" timestamp="2015-08-26T11:47:55Z" user="aarthy" uid="2985232" lat="43.4378994" lon="-80.5764554"/>
 <node id="3715138459" visible="true" version="3" changeset="103664909" timestamp="2021-04-27T00:21:41Z" user="Megaminx12" uid="12375475" lat="43.4379341" lon="-80.5765052"/>
 <node id="3715138460" visible="true" version="3" changeset="103664909" timestamp="2021-04-27T00:21:41Z" user="Megaminx12" uid="12375475" lat="43.4380161" lon="-80.5765236"/>
 <node id="3715138462" visible="true" version="3" changeset="103664909" timestamp="2021-04-27T00:21:41Z" user="Megaminx12" uid="12375475" lat="43.4380652" lon="-80.5765727"/>
 <node id="3715138464" visible="true" version="3" changeset="103664909" timestamp="2021-04-27T00:21:41Z" user="Megaminx12" uid="12375475" lat="43.4381585" lon="-80.5766065"/>
 <node id="3715138465" visible="true" version="2" changeset="103664909" timestamp="2021-04-27T00:21:41Z" user="Megaminx12" uid="12375475" lat="43.4382078" lon="-80.5765946"/>
 <node id="3715138468" visible="true" version="2" changeset="103664909" timestamp="2021-04-27T00:21:41Z" user="Megaminx12" uid="12375475" lat="43.4382890" lon="-80.5766330"/>
 <node id="3715138469" visible="true" version="3" changeset="103664909" timestamp="2021-04-27T00:21:41Z" user="Megaminx12" uid="12375475" lat="43.4383864" lon="-80.5766988"/>
 <node id="3715138470" visible="true" version="3" changeset="103664909" timestamp="2021-04-27T00:21:41Z" user="Megaminx12" uid="12375475" lat="43.4383979" lon="-80.5773267"/>
 <node id="3715138472" visible="true" version="3" changeset="103664909" timestamp="2021-04-27T00:21:41Z" user="Megaminx12" uid="12375475" lat="43.4384284" lon="-80.5767100"/>
 <node id="3715138473" visible="true" version="3" changeset="103664909" timestamp="2021-04-27T00:21:41Z" user="Megaminx12" uid="12375475" lat="43.4383668" lon="-80.5775136"/>
 <node id="3715138474" visible="true" version="3" changeset="103664909" timestamp="2021-04-27T00:21:41Z" user="Megaminx12" uid="12375475" lat="43.4383946" lon="-80.5771348"/>
 <node id="3715138475" visible="true" version="3" changeset="103664909" timestamp="2021-04-27T00:21:41Z" user="Megaminx12" uid="12375475" lat="43.4384728" lon="-80.5766964"/>
 <node id="3715138477" visible="true" version="3" changeset="103664909" timestamp="2021-04-27T00:21:41Z" user="Megaminx12" uid="12375475" lat="43.4384374" lon="-80.5771104"/>
 <node id="3715138478" visible="true" version="3" changeset="103664909" timestamp="2021-04-27T00:21:41Z" user="Megaminx12" uid="12375475" lat="43.4383987" lon="-80.5775748"/>
 <node id="3715138484" visible="true" version="3" changeset="103664909" timestamp="2021-04-27T00:21:41Z" user="Megaminx12" uid="12375475" lat="43.4385060" lon="-80.5766750"/>
 <node id="3715138485" visible="true" version="3" changeset="103664909" timestamp="2021-04-27T00:21:41Z" user="Megaminx12" uid="12375475" lat="43.4386173" lon="-80.5771756"/>
 <node id="3715138487" visible="true" version="3" changeset="103664909" timestamp="2021-04-27T00:21:41Z" user="Megaminx12" uid="12375475" lat="43.4384668" lon="-80.5776799"/>
 <node id="3715138489" visible="true" version="1" changeset="33594150" timestamp="2015-08-26T11:47:55Z" user="aarthy" uid="2985232" lat="43.4385907" lon="-80.5766311"/>
 <node id="3715138490" visible="true" version="3" changeset="103664909" timestamp="2021-04-27T00:21:41Z" user="Megaminx12" uid="12375475" lat="43.4385612" lon="-80.5777325"/>
 <node id="3715138491" visible="true" version="3" changeset="103664909" timestamp="2021-04-27T00:21:41Z" user="Megaminx12" uid="12375475" lat="43.4386170" lon="-80.5772350"/>
 <node id="3715138493" visible="true" version="2" changeset="103664909" timestamp="2021-04-27T00:21:41Z" user="Megaminx12" uid="12375475" lat="43.4386171" lon="-80.5766972"/>
 <node id="3715138494" visible="true" version="3" changeset="103664909" timestamp="2021-04-27T00:21:41Z" user="Megaminx12" uid="12375475" lat="43.4386275" lon="-80.5772915"/>
 <node id="3715138495" visible="true" version="3" changeset="103664909" timestamp="2021-04-27T00:21:41Z" user="Megaminx12" uid="12375475" lat="43.4386147" lon="-80.5778740"/>
 <node id="3715138497" visible="true" version="3" changeset="103664909" timestamp="2021-04-27T00:21:41Z" user="Megaminx12" uid="12375475" lat="43.4387108" lon="-80.5766779"/>
 <node id="3715138498" visible="true" version="3" changeset="103664909" timestamp="2021-04-27T00:21:41Z" user="Megaminx12" uid="12375475" lat="43.4386849" lon="-80.5781172"/>
 <node id="3715138499" visible="true" version="3" changeset="103664909" timestamp="2021-04-27T00:21:41Z" user="Megaminx12" uid="12375475" lat="43.4386153" lon="-80.5773371"/>
 <node id="3715138501" visible="true" version="3" changeset="103664909" timestamp="2021-04-27T00:21:41Z" user="Megaminx12" uid="12375475" lat="43.4387115" lon="-80.5781611"/>
 <node id="3715138503" visible="true" version="3" changeset="103664909" timestamp="2021-04-27T00:21:41Z" user="Megaminx12" uid="12375475" lat="43.4387633" lon="-80.5766032"/>
 <node id="3715138504" visible="true" version="3" changeset="103664909" timestamp="2021-04-27T00:21:41Z" user="Megaminx12" uid="12375475" lat="43.4386571" lon="-80.5773930"/>
 <node id="3715138508" visible="true" version="3" changeset="103664909" timestamp="2021-04-27T00:21:41Z" user="Megaminx12" uid="12375475" lat="43.4388127" lon="-80.5773071"/>
 <node id="3715138510" visible="true" version="3" changeset="103664909" timestamp="2021-04-27T00:21:41Z" user="Megaminx12" uid="12375475" lat="43.4388267" lon="-80.5765591"/>
 <node id="3715138513" visible="true" version="3" changeset="103664909" timestamp="2021-04-27T00:21:41Z" user="Megaminx12" uid="12375475" lat="43.4388627" lon="-80.5773436"/>
 <node id="3715138514" visible="true" version="3" changeset="103664909" timestamp="2021-04-27T00:21:41Z" user="Megaminx12" uid="12375475" lat="43.4388676" lon="-80.5765668"/>
 <node id="3715138515" visible="true" version="3" changeset="103664909" timestamp="2021-04-27T00:21:41Z" user="Megaminx12" uid="12375475" lat="43.4389331" lon="-80.5782070"/>
 <node id="3715138518" visible="true" version="3" changeset="103664909" timestamp="2021-04-27T00:21:41Z" user="Megaminx12" uid="12375475" lat="43.4389626" lon="-80.5775849"/>
 <node id="3715138519" visible="true" version="3" changeset="103664909" timestamp="2021-04-27T00:21:41Z" user="Megaminx12" uid="12375475" lat="43.4389869" lon="-80.5780919"/>
 <node id="3715138520" visible="true" version="3" changeset="103664909" timestamp="2021-04-27T00:21:41Z" user="Megaminx12" uid="12375475" lat="43.4389820" lon="-80.5765709"/>
 <node id="3715138523" visible="true" version="3" changeset="103664909" timestamp="2021-04-27T00:21:41Z" user="Megaminx12" uid="12375475" lat="43.4390277" lon="-80.5779832"/>
 <node id="3715138524" visible="true" version="3" changeset="103664909" timestamp="2021-04-27T00:21:41Z" user="Megaminx12" uid="12375475" lat="43.4390514" lon="-80.5765661"/>
 <node id="3715138526" visible="true" version="3" changeset="103664909" timestamp="2021-04-27T00:21:41Z" user="Megaminx12" uid="12375475" lat="43.4390035" lon="-80.5776371"/>
 <node id="3715138527" visible="true" version="3" changeset="103664909" timestamp="2021-04-27T00:21:41Z" user="Megaminx12" uid="12375475" lat="43.4390817" lon="-80.5793667"/>
 <node id="3715138529" visible="true" version="3" changeset="103664909" timestamp="2021-04-27T00:21:41Z" user="Megaminx12" uid="12375475" lat="43.4390811" lon="-80.5779805"/>
 <node id="3715138530" visible="true" version="2" changeset="41380000" timestamp="2016-08-11T04:02:33Z" user="fuego" uid="62654" lat="43.4391247" lon="-80.5793865"/>
 <node id="3715138531" visible="true" version="3" changeset="103664909" timestamp="2021-04-27T00:21:41Z" user="Megaminx12" uid="12375475" lat="43.4391265" lon="-80.5776854"/>
 <node id="3715138532" visible="true" version="2" changeset="41380000" timestamp="2016-08-11T04:02:33Z" user="fuego" uid="62654" lat="43.4391433" lon="-80.5765943"/>
 <node id="3715138533" visible="true" version="3" changeset="103664909" timestamp="2021-04-27T00:21:41Z" user="Megaminx12" uid="12375475" lat="43.4391274" lon="-80.5779999"/>
 <node id="3715138534" visible="true" version="3" changeset="103664909" timestamp="2021-04-27T00:21:41Z" user="Megaminx12" uid="12375475" lat="43.4391808" lon="-80.5794143"/>
 <node id="3715138535" visible="true" version="2" changeset="41380000" timestamp="2016-08-11T04:02:33Z" user="fuego" uid="62654" lat="43.4392039" lon="-80.5766012"/>
 <node id="3715138536" visible="true" version="3" changeset="103664909" timestamp="2021-04-27T00:21:41Z" user="Megaminx12" uid="12375475" lat="43.4391847" lon="-80.5776784"/>
 <node id="3715138537" visible="true" version="3" changeset="103664909" timestamp="2021-04-27T00:21:41Z" user="Megaminx12" uid="12375475" lat="43.4392065" lon="-80.5794234"/>
 <node id="3715138538" visible="true" version="3" changeset="103664909" timestamp="2021-04-27T00:21:41Z" user="Megaminx12" uid="12375475" lat="43.4392328" lon="-80.5791773"/>
 <node id="3715138539" visible="true" version="3" changeset="103664909" timestamp="2021-04-27T00:21:41Z" user="Megaminx12" uid="12375475" lat="43.4392772" lon="-80.5778739"/>
 <node id="3715138540" visible="true" version="2" changeset="103664909" timestamp="2021-04-27T00:21:41Z" user="Megaminx12" uid="12375475" lat="43.4392740" lon="-80.5766134"/>
 <node id="3715138541" visible="true" version="2" changeset="103664909" timestamp="2021-04-27T00:21:41Z" user="Megaminx12" uid="12375475" lat="43.4392797" lon="-80.5792038"/>
 <node id="3715138542" visible="true" version="3" changeset="103664909" timestamp="2021-04-27T00:21:41Z" user="Megaminx12" uid="12375475" lat="43.4392984" lon="-80.5773848"/>
 <node id="3715138544" visible="true" version="3" changeset="103664909" timestamp="2021-04-27T00:21:41Z" user="Megaminx12" uid="12375475" lat="43.4392664" lon="-80.5789226"/>
 <node id="3715138545" visible="true" version="1" changeset="33594150" timestamp="2015-08-26T11:47:56Z" user="aarthy" uid="2985232" lat="43.4393242" lon="-80.5792616"/>
 <node id="3715138546" visible="true" version="3" changeset="103664909" timestamp="2021-04-27T00:21:41Z" user="Megaminx12" uid="12375475" lat="43.4393609" lon="-80.5778131"/>
 <node id="3715138547" visible="true" version="3" changeset="103664909" timestamp="2021-04-27T00:21:41Z" user="Megaminx12" uid="12375475" lat="43.4392517" lon="-80.5789759"/>
 <node id="3715138548" visible="true" version="3" changeset="103664909" timestamp="2021-04-27T00:21:41Z" user="Megaminx12" uid="12375475" lat="43.4393387" lon="-80.5772357"/>
 <node id="3715138549" visible="true" version="3" changeset="103664909" timestamp="2021-04-27T00:21:41Z" user="Megaminx12" uid="12375475" lat="43.4392986" lon="-80.5789011"/>
 <node id="3715138550" visible="true" version="3" changeset="103664909" timestamp="2021-04-27T00:21:41Z" user="Megaminx12" uid="12375475" lat="43.4393982" lon="-80.5772759"/>
 <node id="3715138551" visible="true" version="3" changeset="103664909" timestamp="2021-04-27T00:21:41Z" user="Megaminx12" uid="12375475" lat="43.4393913" lon="-80.5780883"/>
 <node id="3715138552" visible="true" version="2" changeset="41380000" timestamp="2016-08-11T04:02:34Z" user="fuego" uid="62654" lat="43.4393304" lon="-80.5781685"/>
 <node id="3715138553" visible="true" version="1" changeset="33594150" timestamp="2015-08-26T11:47:56Z" user="aarthy" uid="2985232" lat="43.4393931" lon="-80.5793046"/>
 <node id="3715138554" visible="true" version="3" changeset="103664909" timestamp="2021-04-27T00:21:41Z" user="Megaminx12" uid="12375475" lat="43.4393647" lon="-80.5766713"/>
 <node id="3715138556" visible="true" version="3" changeset="103664909" timestamp="2021-04-27T00:21:41Z" user="Megaminx12" uid="12375475" lat="43.4394425" lon="-80.5788418"/>
 <node id="3715138557" visible="true" version="3" changeset="103664909" timestamp="2021-04-27T00:21:41Z" user="Megaminx12" uid="12375475" lat="43.4395177" lon="-80.5789527"/>
 <node id="3715138558" visible="true" version="3" changeset="103664909" timestamp="2021-04-27T00:21:41Z" user="Megaminx12" uid="12375475" lat="43.4394307" lon="-80.5780966"/>
 <node id="3715138559" visible="true" version="3" changeset="103664909" timestamp="2021-04-27T00:21:41Z" user="Megaminx12" uid="12375475" lat="43.4394098" lon="-80.5782469"/>
 <node id="3715138560" visible="true" version="3" changeset="103664909" timestamp="2021-04-27T00:21:41Z" user="Megaminx12" uid="12375475" lat="43.4394443" lon="-80.5772995"/>
 <node id="3715138561" visible="true" version="3" changeset="103664909" timestamp="2021-04-27T00:21:41Z" user="Megaminx12" uid="12375475" lat="43.4394020" lon="-80.5767155"/>
 <node id="3715138562" visible="true" version="2" changeset="103664909" timestamp="2021-04-27T00:21:41Z" user="Megaminx12" uid="12375475" lat="43.4394534" lon="-80.5793252"/>
 <node id="3715138563" visible="true" version="3" changeset="103664909" timestamp="2021-04-27T00:21:41Z" user="Megaminx12" uid="12375475" lat="43.4395146" lon="-80.5788199"/>
 <node id="3715138564" visible="true" version="3" changeset="103664909" timestamp="2021-04-27T00:21:41Z" user="Megaminx12" uid="12375475" lat="43.4395027" lon="-80.5778124"/>
 <node id="3715138565" visible="true" version="3" changeset="103664909" timestamp="2021-04-27T00:21:41Z" user="Megaminx12" uid="12375475" lat="43.4395307" lon="-80.5781581"/>
 <node id="3715138566" visible="true" version="3" changeset="103664909" timestamp="2021-04-27T00:21:41Z" user="Megaminx12" uid="12375475" lat="43.4394472" lon="-80.5783070"/>
 <node id="3715138567" visible="true" version="3" changeset="103664909" timestamp="2021-04-27T00:21:41Z" user="Megaminx12" uid="12375475" lat="43.4395683" lon="-80.5789503"/>
 <node id="3715138568" visible="true" version="3" changeset="103664909" timestamp="2021-04-27T00:21:41Z" user="Megaminx12" uid="12375475" lat="43.4394939" lon="-80.5773501"/>
 <node id="3715138569" visible="true" version="3" changeset="103664909" timestamp="2021-04-27T00:21:41Z" user="Megaminx12" uid="12375475" lat="43.4394988" lon="-80.5767333"/>
 <node id="3715138570" visible="true" version="2" changeset="103664909" timestamp="2021-04-27T00:21:41Z" user="Megaminx12" uid="12375475" lat="43.4395780" lon="-80.5781083"/>
 <node id="3715138571" visible="true" version="3" changeset="103664909" timestamp="2021-04-27T00:21:41Z" user="Megaminx12" uid="12375475" lat="43.4395264" lon="-80.5779386"/>
 <node id="3715138572" visible="true" version="3" changeset="103664909" timestamp="2021-04-27T00:21:41Z" user="Megaminx12" uid="12375475" lat="43.4395834" lon="-80.5787104"/>
 <node id="3715138573" visible="true" version="1" changeset="33594150" timestamp="2015-08-26T11:47:56Z" user="aarthy" uid="2985232" lat="43.4395539" lon="-80.5779966"/>
 <node id="3715138574" visible="true" version="2" changeset="103664909" timestamp="2021-04-27T00:21:41Z" user="Megaminx12" uid="12375475" lat="43.4395801" lon="-80.5780592"/>
 <node id="3715138575" visible="true" version="3" changeset="103664909" timestamp="2021-04-27T00:21:41Z" user="Megaminx12" uid="12375475" lat="43.4396128" lon="-80.5789533"/>
 <node id="3715138576" visible="true" version="3" changeset="103664909" timestamp="2021-04-27T00:21:41Z" user="Megaminx12" uid="12375475" lat="43.4395505" lon="-80.5792861"/>
 <node id="3715138577" visible="true" version="3" changeset="103664909" timestamp="2021-04-27T00:21:41Z" user="Megaminx12" uid="12375475" lat="43.4395333" lon="-80.5774125"/>
 <node id="3715138578" visible="true" version="3" changeset="103664909" timestamp="2021-04-27T00:21:41Z" user="Megaminx12" uid="12375475" lat="43.4395218" lon="-80.5783650"/>
 <node id="3715138579" visible="true" version="3" changeset="103664909" timestamp="2021-04-27T00:21:41Z" user="Megaminx12" uid="12375475" lat="43.4395973" lon="-80.5768275"/>
 <node id="3715138580" visible="true" version="3" changeset="103664909" timestamp="2021-04-27T00:21:41Z" user="Megaminx12" uid="12375475" lat="43.4395650" lon="-80.5786837"/>
 <node id="3715138581" visible="true" version="3" changeset="103664909" timestamp="2021-04-27T00:21:41Z" user="Megaminx12" uid="12375475" lat="43.4395666" lon="-80.5784206"/>
 <node id="3715138582" visible="true" version="2" changeset="41380000" timestamp="2016-08-11T04:02:34Z" user="fuego" uid="62654" lat="43.4395668" lon="-80.5785790"/>
 <node id="3715138583" visible="true" version="3" changeset="103664909" timestamp="2021-04-27T00:21:41Z" user="Megaminx12" uid="12375475" lat="43.4396229" lon="-80.5791512"/>
 <node id="3715138585" visible="true" version="3" changeset="103664909" timestamp="2021-04-27T00:21:41Z" user="Megaminx12" uid="12375475" lat="43.4396565" lon="-80.5768872"/>
 <node id="3715138586" visible="true" version="3" changeset="103664909" timestamp="2021-04-27T00:21:41Z" user="Megaminx12" uid="12375475" lat="43.4396425" lon="-80.5775175"/>
 <node id="3715138587" visible="true" version="3" changeset="103664909" timestamp="2021-04-27T00:21:41Z" user="Megaminx12" uid="12375475" lat="43.4396712" lon="-80.5776249"/>
 <node id="3715138588" visible="true" version="3" changeset="103664909" timestamp="2021-04-27T00:21:41Z" user="Megaminx12" uid="12375475" lat="43.4397011" lon="-80.5778385"/>
 <node id="3715138589" visible="true" version="3" changeset="103664909" timestamp="2021-04-27T00:21:41Z" user="Megaminx12" uid="12375475" lat="43.4397417" lon="-80.5770013"/>
 <node id="3715138590" visible="true" version="3" changeset="103664909" timestamp="2021-04-27T00:21:41Z" user="Megaminx12" uid="12375475" lat="43.4397606" lon="-80.5778543"/>
 <node id="3715138591" visible="true" version="3" changeset="103664909" timestamp="2021-04-27T00:21:41Z" user="Megaminx12" uid="12375475" lat="43.4397726" lon="-80.5777638"/>
 <node id="3715138592" visible="true" version="3" changeset="103664909" timestamp="2021-04-27T00:21:41Z" user="Megaminx12" uid="12375475" lat="43.4398057" lon="-80.5771428"/>
 <node id="3715138593" visible="true" version="3" changeset="103664909" timestamp="2021-04-27T00:21:41Z" user="Megaminx12" uid="12375475" lat="43.4397840" lon="-80.5777018"/>
 <node id="3715138595" visible="true" version="3" changeset="103664909" timestamp="2021-04-27T00:21:41Z" user="Megaminx12" uid="12375475" lat="43.4398662" lon="-80.5772758"/>
 <node id="3715138596" visible="true" version="3" changeset="103664909" timestamp="2021-04-27T00:21:41Z" user="Megaminx12" uid="12375475" lat="43.4398653" lon="-80.5775023"/>
 <node id="3715138597" visible="true" version="3" changeset="103664909" timestamp="2021-04-27T00:21:41Z" user="Megaminx12" uid="12375475" lat="43.4398865" lon="-80.5773606"/>
 <node id="4345305590" visible="true" version="3" changeset="103664909" timestamp="2021-04-27T00:21:41Z" user="Megaminx12" uid="12375475" lat="43.4338784" lon="-80.5745163"/>
 <node id="4345305605" visible="true" version="3" changeset="104017431" timestamp="2021-05-03T01:40:31Z" user="Megaminx12" uid="12375475" lat="43.4347824" lon="-80.5742496"/>
 <node id="4345305608" visible="true" version="3" changeset="103664909" timestamp="2021-04-27T00:21:41Z" user="Megaminx12" uid="12375475" lat="43.4347679" lon="-80.5749745"/>
 <node id="4345305609" visible="true" version="2" changeset="104017431" timestamp="2021-05-03T01:40:31Z" user="Megaminx12" uid="12375475" lat="43.4348504" lon="-80.5742431"/>
 <node id="4345305611" visible="true" version="2" changeset="103664909" timestamp="2021-04-27T00:21:41Z" user="Megaminx12" uid="12375475" lat="43.4349929" lon="-80.5742254"/>
 <node id="4345305612" visible="true" version="3" changeset="103664909" timestamp="2021-04-27T00:21:41Z" user="Megaminx12" uid="12375475" lat="43.4348640" lon="-80.5761820"/>
 <node id="4345305614" visible="true" version="3" changeset="103664909" timestamp="2021-04-27T00:21:41Z" user="Megaminx12" uid="12375475" lat="43.4348466" lon="-80.5763125"/>
 <node id="4345305616" visible="true" version="3" changeset="103664909" timestamp="2021-04-27T00:21:41Z" user="Megaminx12" uid="12375475" lat="43.4350180" lon="-80.5759244"/>
 <node id="4345305617" visible="true" version="2" changeset="103664909" timestamp="2021-04-27T00:21:41Z" user="Megaminx12" uid="12375475" lat="43.4350323" lon="-80.5763364"/>
 <node id="4345305619" visible="true" version="2" changeset="103664909" timestamp="2021-04-27T00:21:41Z" user="Megaminx12" uid="12375475" lat="43.4351669" lon="-80.5742727"/>
 <node id="4345305621" visible="true" version="3" changeset="103664909" timestamp="2021-04-27T00:21:41Z" user="Megaminx12" uid="12375475" lat="43.4351547" lon="-80.5764714"/>
 <node id="4345305623" visible="true" version="2" changeset="96405952" timestamp="2020-12-25T00:40:01Z" user="Megaminx12" uid="12375475" lat="43.4352783" lon="-80.5766075"/>
 <node id="4345305624" visible="true" version="2" changeset="103664909" timestamp="2021-04-27T00:21:41Z" user="Megaminx12" uid="12375475" lat="43.4353021" lon="-80.5743467"/>
 <node id="4345305625" visible="true" version="4" changeset="104017431" timestamp="2021-05-03T01:40:31Z" user="Megaminx12" uid="12375475" lat="43.4354898" lon="-80.5756249"/>
 <node id="4345305626" visible="true" version="4" changeset="104017431" timestamp="2021-05-03T01:40:31Z" user="Megaminx12" uid="12375475" lat="43.4355194" lon="-80.5756557"/>
 <node id="4345305627" visible="true" version="4" changeset="104017431" timestamp="2021-05-03T01:40:31Z" user="Megaminx12" uid="12375475" lat="43.4355380" lon="-80.5757077"/>
 <node id="4345305628" visible="true" version="3" changeset="103664909" timestamp="2021-04-27T00:21:41Z" user="Megaminx12" uid="12375475" lat="43.4353614" lon="-80.5767893"/>
 <node id="4345305629" visible="true" version="3" changeset="103664909" timestamp="2021-04-27T00:21:41Z" user="Megaminx12" uid="12375475" lat="43.4355519" lon="-80.5757958"/>
 <node id="4345305630" visible="true" version="2" changeset="103664909" timestamp="2021-04-27T00:21:41Z" user="Megaminx12" uid="12375475" lat="43.4356057" lon="-80.5770230"/>
 <node id="4345305631" visible="true" version="3" changeset="103664909" timestamp="2021-04-27T00:21:41Z" user="Megaminx12" uid="12375475" lat="43.4355713" lon="-80.5751784"/>
 <node id="4345305632" visible="true" version="2" changeset="103664909" timestamp="2021-04-27T00:21:41Z" user="Megaminx12" uid="12375475" lat="43.4355342" lon="-80.5743117"/>
 <node id="4345305633" visible="true" version="2" changeset="103664909" timestamp="2021-04-27T00:21:41Z" user="Megaminx12" uid="12375475" lat="43.4356135" lon="-80.5748754"/>
 <node id="4345305634" visible="true" version="3" changeset="103664909" timestamp="2021-04-27T00:21:41Z" user="Megaminx12" uid="12375475" lat="43.4356629" lon="-80.5759836"/>
 <node id="4345305635" visible="true" version="3" changeset="103664909" timestamp="2021-04-27T00:21:41Z" user="Megaminx12" uid="12375475" lat="43.4353463" lon="-80.5767136"/>
 <node id="4345305639" visible="true" version="3" changeset="103664909" timestamp="2021-04-27T00:21:41Z" user="Megaminx12" uid="12375475" lat="43.4356753" lon="-80.5760896"/>
 <node id="4345305640" visible="true" version="3" changeset="103664909" timestamp="2021-04-27T00:21:41Z" user="Megaminx12" uid="12375475" lat="43.4358425" lon="-80.5763575"/>
 <node id="4345305641" visible="true" version="3" changeset="103664909" timestamp="2021-04-27T00:21:41Z" user="Megaminx12" uid="12375475" lat="43.4357899" lon="-80.5762683"/>
 <node id="4345305642" visible="true" version="3" changeset="103664909" timestamp="2021-04-27T00:21:41Z" user="Megaminx12" uid="12375475" lat="43.4359006" lon="-80.5763332"/>
 <node id="4345305643" visible="true" version="2" changeset="103664909" timestamp="2021-04-27T00:21:41Z" user="Megaminx12" uid="12375475" lat="43.4357006" lon="-80.5748052"/>
 <node id="4345305644" visible="true" version="2" changeset="103664909" timestamp="2021-04-27T00:21:41Z" user="Megaminx12" uid="12375475" lat="43.4357294" lon="-80.5742962"/>
 <node id="4345305646" visible="true" version="3" changeset="103664909" timestamp="2021-04-27T00:21:41Z" user="Megaminx12" uid="12375475" lat="43.4359557" lon="-80.5763147"/>
 <node id="4345305647" visible="true" version="2" changeset="103664909" timestamp="2021-04-27T00:21:41Z" user="Megaminx12" uid="12375475" lat="43.4357237" lon="-80.5748130"/>
 <node id="4345305649" visible="true" version="2" changeset="103664909" timestamp="2021-04-27T00:21:41Z" user="Megaminx12" uid="12375475" lat="43.4358168" lon="-80.5746426"/>
 <node id="4345305650" visible="true" version="2" changeset="103664909" timestamp="2021-04-27T00:21:41Z" user="Megaminx12" uid="12375475" lat="43.4357545" lon="-80.5748014"/>
 <node id="4345305652" visible="true" version="2" changeset="103664909" timestamp="2021-04-27T00:21:41Z" user="Megaminx12" uid="12375475" lat="43.4358983" lon="-80.5745273"/>
 <node id="4345305654" visible="true" version="2" changeset="103664909" timestamp="2021-04-27T00:21:41Z" user="Megaminx12" uid="12375475" lat="43.4359082" lon="-80.5744532"/>
 <node id="4345305655" visible="true" version="2" changeset="103664909" timestamp="2021-04-27T00:21:41Z" user="Megaminx12" uid="12375475" lat="43.4359481" lon="-80.5742508"/>
 <node id="4345305656" visible="true" version="3" changeset="103664909" timestamp="2021-04-27T00:21:41Z" user="Megaminx12" uid="12375475" lat="43.4359612" lon="-80.5768153"/>
 <node id="4345305657" visible="true" version="3" changeset="103664909" timestamp="2021-04-27T00:21:41Z" user="Megaminx12" uid="12375475" lat="43.4359835" lon="-80.5768335"/>
 <node id="4345305658" visible="true" version="3" changeset="103664909" timestamp="2021-04-27T00:21:41Z" user="Megaminx12" uid="12375475" lat="43.4358965" lon="-80.5773995"/>
 <node id="4345305659" visible="true" version="3" changeset="103664909" timestamp="2021-04-27T00:21:41Z" user="Megaminx12" uid="12375475" lat="43.4360910" lon="-80.5767797"/>
 <node id="4345305661" visible="true" version="2" changeset="103664909" timestamp="2021-04-27T00:21:41Z" user="Megaminx12" uid="12375475" lat="43.4359891" lon="-80.5744243"/>
 <node id="4345305663" visible="true" version="3" changeset="103664909" timestamp="2021-04-27T00:21:41Z" user="Megaminx12" uid="12375475" lat="43.4360252" lon="-80.5768847"/>
 <node id="4345305664" visible="true" version="2" changeset="103664909" timestamp="2021-04-27T00:21:41Z" user="Megaminx12" uid="12375475" lat="43.4359937" lon="-80.5742942"/>
 <node id="4345305665" visible="true" version="3" changeset="103664909" timestamp="2021-04-27T00:21:41Z" user="Megaminx12" uid="12375475" lat="43.4361074" lon="-80.5766753"/>
 <node id="4345305667" visible="true" version="3" changeset="103664909" timestamp="2021-04-27T00:21:41Z" user="Megaminx12" uid="12375475" lat="43.4360683" lon="-80.5769266"/>
 <node id="4345305668" visible="true" version="2" changeset="103664909" timestamp="2021-04-27T00:21:41Z" user="Megaminx12" uid="12375475" lat="43.4360011" lon="-80.5743279"/>
 <node id="4345305670" visible="true" version="3" changeset="103664909" timestamp="2021-04-27T00:21:41Z" user="Megaminx12" uid="12375475" lat="43.4361564" lon="-80.5766697"/>
 <node id="4345305671" visible="true" version="2" changeset="103664909" timestamp="2021-04-27T00:21:41Z" user="Megaminx12" uid="12375475" lat="43.4360466" lon="-80.5743893"/>
 <node id="4345305672" visible="true" version="3" changeset="103664909" timestamp="2021-04-27T00:21:41Z" user="Megaminx12" uid="12375475" lat="43.4361677" lon="-80.5761938"/>
 <node id="4345305673" visible="true" version="3" changeset="103664909" timestamp="2021-04-27T00:21:41Z" user="Megaminx12" uid="12375475" lat="43.4361819" lon="-80.5767187"/>
 <node id="4345305674" visible="true" version="2" changeset="96405952" timestamp="2020-12-25T00:40:01Z" user="Megaminx12" uid="12375475" lat="43.4360914" lon="-80.5773756"/>
 <node id="4345305675" visible="true" version="3" changeset="103664909" timestamp="2021-04-27T00:21:41Z" user="Megaminx12" uid="12375475" lat="43.4362366" lon="-80.5760676"/>
 <node id="4345305676" visible="true" version="3" changeset="103664909" timestamp="2021-04-27T00:21:41Z" user="Megaminx12" uid="12375475" lat="43.4363354" lon="-80.5769909"/>
 <node id="4345305677" visible="true" version="3" changeset="103664909" timestamp="2021-04-27T00:21:41Z" user="Megaminx12" uid="12375475" lat="43.4361657" lon="-80.5773826"/>
 <node id="4345305678" visible="true" version="3" changeset="103664909" timestamp="2021-04-27T00:21:41Z" user="Megaminx12" uid="12375475" lat="43.4364376" lon="-80.5767736"/>
 <node id="4345305679" visible="true" version="3" changeset="103664909" timestamp="2021-04-27T00:21:41Z" user="Megaminx12" uid="12375475" lat="43.4364818" lon="-80.5768066"/>
 <node id="4345305680" visible="true" version="3" changeset="103664909" timestamp="2021-04-27T00:21:41Z" user="Megaminx12" uid="12375475" lat="43.4362760" lon="-80.5761041"/>
 <node id="4345305681" visible="true" version="2" changeset="103664909" timestamp="2021-04-27T00:21:41Z" user="Megaminx12" uid="12375475" lat="43.4362553" lon="-80.5772903"/>
 <node id="4345305682" visible="true" version="4" changeset="103664909" timestamp="2021-04-27T00:21:41Z" user="Megaminx12" uid="12375475" lat="43.4365192" lon="-80.5767352"/>
 <node id="4345305685" visible="true" version="2" changeset="103664909" timestamp="2021-04-27T00:21:41Z" user="Megaminx12" uid="12375475" lat="43.4363640" lon="-80.5762422"/>
 <node id="4345305696" visible="true" version="2" changeset="103664909" timestamp="2021-04-27T00:21:41Z" user="Megaminx12" uid="12375475" lat="43.4368041" lon="-80.5772811"/>
 <node id="4345305697" visible="true" version="2" changeset="103664909" timestamp="2021-04-27T00:21:41Z" user="Megaminx12" uid="12375475" lat="43.4368282" lon="-80.5773922"/>
 <node id="4345305699" visible="true" version="2" changeset="103664909" timestamp="2021-04-27T00:21:41Z" user="Megaminx12" uid="12375475" lat="43.4369134" lon="-80.5770467"/>
 <node id="4345305702" visible="true" version="2" changeset="103664909" timestamp="2021-04-27T00:21:41Z" user="Megaminx12" uid="12375475" lat="43.4370327" lon="-80.5772896"/>
 <node id="4345305707" visible="true" version="2" changeset="103664909" timestamp="2021-04-27T00:21:41Z" user="Megaminx12" uid="12375475" lat="43.4371205" lon="-80.5774607"/>
 <node id="4345305708" visible="true" version="2" changeset="103664909" timestamp="2021-04-27T00:21:41Z" user="Megaminx12" uid="12375475" lat="43.4371666" lon="-80.5761667"/>
 <node id="4345305712" visible="true" version="2" changeset="103664909" timestamp="2021-04-27T00:21:41Z" user="Megaminx12" uid="12375475" lat="43.4371314" lon="-80.5775445"/>
 <node id="4345305713" visible="true" version="2" changeset="103664909" timestamp="2021-04-27T00:21:41Z" user="Megaminx12" uid="12375475" lat="43.4372121" lon="-80.5760862"/>
 <node id="4345305714" visible="true" version="2" changeset="103664909" timestamp="2021-04-27T00:21:41Z" user="Megaminx12" uid="12375475" lat="43.4371650" lon="-80.5775841"/>
 <node id="4345305715" visible="true" version="2" changeset="103664909" timestamp="2021-04-27T00:21:41Z" user="Megaminx12" uid="12375475" lat="43.4372244" lon="-80.5758340"/>
 <node id="4345305716" visible="true" version="2" changeset="103664909" timestamp="2021-04-27T00:21:41Z" user="Megaminx12" uid="12375475" lat="43.4372432" lon="-80.5775527"/>
 <node id="4345305719" visible="true" version="2" changeset="103664909" timestamp="2021-04-27T00:21:41Z" user="Megaminx12" uid="12375475" lat="43.4372910" lon="-80.5757670"/>
 <node id="4345305723" visible="true" version="1" changeset="41380000" timestamp="2016-08-11T04:02:21Z" user="fuego" uid="62654" lat="43.4374723" lon="-80.5758420"/>
 <node id="4345305724" visible="true" version="2" changeset="103664909" timestamp="2021-04-27T00:21:41Z" user="Megaminx12" uid="12375475" lat="43.4374965" lon="-80.5759279"/>
 <node id="4345305725" visible="true" version="2" changeset="103664909" timestamp="2021-04-27T00:21:41Z" user="Megaminx12" uid="12375475" lat="43.4375015" lon="-80.5758688"/>
 <node id="4345305729" visible="true" version="2" changeset="103664909" timestamp="2021-04-27T00:21:41Z" user="Megaminx12" uid="12375475" lat="43.4375032" lon="-80.5762785"/>
 <node id="4345305730" visible="true" version="2" changeset="103664909" timestamp="2021-04-27T00:21:41Z" user="Megaminx12" uid="12375475" lat="43.4375832" lon="-80.5778830"/>
 <node id="4345305731" visible="true" version="2" changeset="103664909" timestamp="2021-04-27T00:21:41Z" user="Megaminx12" uid="12375475" lat="43.4375936" lon="-80.5778440"/>
 <node id="4345305732" visible="true" version="2" changeset="103664909" timestamp="2021-04-27T00:21:41Z" user="Megaminx12" uid="12375475" lat="43.4375925" lon="-80.5779569"/>
 <node id="4345305734" visible="true" version="2" changeset="103664909" timestamp="2021-04-27T00:21:41Z" user="Megaminx12" uid="12375475" lat="43.4376208" lon="-80.5779873"/>
 <node id="4345305738" visible="true" version="2" changeset="103664909" timestamp="2021-04-27T00:21:41Z" user="Megaminx12" uid="12375475" lat="43.4377042" lon="-80.5779804"/>
 <node id="4345305741" visible="true" version="2" changeset="103664909" timestamp="2021-04-27T00:21:41Z" user="Megaminx12" uid="12375475" lat="43.4377578" lon="-80.5762708"/>
 <node id="4345305753" visible="true" version="2" changeset="103664909" timestamp="2021-04-27T00:21:41Z" user="Megaminx12" uid="12375475" lat="43.4383808" lon="-80.5771979"/>
 <node id="4345305756" visible="true" version="2" changeset="103664909" timestamp="2021-04-27T00:21:41Z" user="Megaminx12" uid="12375475" lat="43.4384478" lon="-80.5789079"/>
 <node id="4345305761" visible="true" version="2" changeset="103664909" timestamp="2021-04-27T00:21:41Z" user="Megaminx12" uid="12375475" lat="43.4385226" lon="-80.5770885"/>
 <node id="4345305764" visible="true" version="2" changeset="103664909" timestamp="2021-04-27T00:21:41Z" user="Megaminx12" uid="12375475" lat="43.4385348" lon="-80.5766306"/>
 <node id="4345305773" visible="true" version="2" changeset="103664909" timestamp="2021-04-27T00:21:41Z" user="Megaminx12" uid="12375475" lat="43.4387270" lon="-80.5791381"/>
 <node id="4345305775" visible="true" version="2" changeset="103664909" timestamp="2021-04-27T00:21:41Z" user="Megaminx12" uid="12375475" lat="43.4387319" lon="-80.5782123"/>
 <node id="4345305781" visible="true" version="2" changeset="103664909" timestamp="2021-04-27T00:21:41Z" user="Megaminx12" uid="12375475" lat="43.4388318" lon="-80.5782122"/>
 <node id="4345305786" visible="true" version="2" changeset="103664909" timestamp="2021-04-27T00:21:41Z" user="Megaminx12" uid="12375475" lat="43.4388945" lon="-80.5791964"/>
 <node id="4345305787" visible="true" version="2" changeset="103664909" timestamp="2021-04-27T00:21:41Z" user="Megaminx12" uid="12375475" lat="43.4388945" lon="-80.5781958"/>
 <node id="4345305790" visible="true" version="2" changeset="103664909" timestamp="2021-04-27T00:21:41Z" user="Megaminx12" uid="12375475" lat="43.4389646" lon="-80.5781672"/>
 <node id="4345305791" visible="true" version="2" changeset="103664909" timestamp="2021-04-27T00:21:41Z" user="Megaminx12" uid="12375475" lat="43.4390511" lon="-80.5776750"/>
 <node id="4345305796" visible="true" version="2" changeset="103664909" timestamp="2021-04-27T00:21:41Z" user="Megaminx12" uid="12375475" lat="43.4392174" lon="-80.5793437"/>
 <node id="4345305797" visible="true" version="2" changeset="103664909" timestamp="2021-04-27T00:21:41Z" user="Megaminx12" uid="12375475" lat="43.4391520" lon="-80.5794130"/>
 <node id="4345305798" visible="true" version="2" changeset="103664909" timestamp="2021-04-27T00:21:41Z" user="Megaminx12" uid="12375475" lat="43.4392016" lon="-80.5792370"/>
 <node id="4345305800" visible="true" version="2" changeset="103664909" timestamp="2021-04-27T00:21:41Z" user="Megaminx12" uid="12375475" lat="43.4392780" lon="-80.5790342"/>
 <node id="4345305801" visible="true" version="2" changeset="103664909" timestamp="2021-04-27T00:21:41Z" user="Megaminx12" uid="12375475" lat="43.4392926" lon="-80.5775109"/>
 <node id="4345305802" visible="true" version="2" changeset="103664909" timestamp="2021-04-27T00:21:41Z" user="Megaminx12" uid="12375475" lat="43.4393159" lon="-80.5790369"/>
 <node id="4345305803" visible="true" version="2" changeset="103664909" timestamp="2021-04-27T00:21:41Z" user="Megaminx12" uid="12375475" lat="43.4393091" lon="-80.5773022"/>
 <node id="4345305804" visible="true" version="2" changeset="103664909" timestamp="2021-04-27T00:21:41Z" user="Megaminx12" uid="12375475" lat="43.4393700" lon="-80.5790176"/>
 <node id="4345305805" visible="true" version="2" changeset="103664909" timestamp="2021-04-27T00:21:41Z" user="Megaminx12" uid="12375475" lat="43.4393498" lon="-80.5781037"/>
 <node id="4345305806" visible="true" version="2" changeset="103664909" timestamp="2021-04-27T00:21:41Z" user="Megaminx12" uid="12375475" lat="43.4394220" lon="-80.5777922"/>
 <node id="4345305807" visible="true" version="2" changeset="103664909" timestamp="2021-04-27T00:21:41Z" user="Megaminx12" uid="12375475" lat="43.4394383" lon="-80.5789734"/>
 <node id="4345305808" visible="true" version="2" changeset="103664909" timestamp="2021-04-27T00:21:41Z" user="Megaminx12" uid="12375475" lat="43.4394715" lon="-80.5777933"/>
 <node id="4345305809" visible="true" version="2" changeset="103664909" timestamp="2021-04-27T00:21:41Z" user="Megaminx12" uid="12375475" lat="43.4395719" lon="-80.5787765"/>
 <node id="4345305810" visible="true" version="2" changeset="103664909" timestamp="2021-04-27T00:21:41Z" user="Megaminx12" uid="12375475" lat="43.4395133" lon="-80.5793192"/>
 <node id="4345305811" visible="true" version="2" changeset="103664909" timestamp="2021-04-27T00:21:41Z" user="Megaminx12" uid="12375475" lat="43.4395266" lon="-80.5778625"/>
 <node id="4345305812" visible="true" version="2" changeset="103664909" timestamp="2021-04-27T00:21:41Z" user="Megaminx12" uid="12375475" lat="43.4396041" lon="-80.5791980"/>
 <node id="4345305813" visible="true" version="2" changeset="103664909" timestamp="2021-04-27T00:21:41Z" user="Megaminx12" uid="12375475" lat="43.4396358" lon="-80.5789866"/>
 <node id="4345305814" visible="true" version="2" changeset="103664909" timestamp="2021-04-27T00:21:41Z" user="Megaminx12" uid="12375475" lat="43.4396240" lon="-80.5790577"/>
 <node id="4345305815" visible="true" version="2" changeset="103664909" timestamp="2021-04-27T00:21:41Z" user="Megaminx12" uid="12375475" lat="43.4396705" lon="-80.5777199"/>
 <node id="4345305816" visible="true" version="2" changeset="103664909" timestamp="2021-04-27T00:21:41Z" user="Megaminx12" uid="12375475" lat="43.4397418" lon="-80.5778603"/>
 <node id="4345305817" visible="true" version="2" changeset="103664909" timestamp="2021-04-27T00:21:41Z" user="Megaminx12" uid="12375475" lat="43.4397788" lon="-80.5778131"/>
 <node id="4345305818" visible="true" version="2" changeset="103664909" timestamp="2021-04-27T00:21:41Z" user="Megaminx12" uid="12375475" lat="43.4398239" lon="-80.5775812"/>
 <node id="4345305819" visible="true" version="2" changeset="103664909" timestamp="2021-04-27T00:21:41Z" user="Megaminx12" uid="12375475" lat="43.4398879" lon="-80.5774307"/>
 <node id="4688436186" visible="true" version="1" changeset="46130934" timestamp="2017-02-16T09:31:57Z" user="florinbadita_telenav" uid="2959379" lat="43.4401928" lon="-80.5822105"/>
 <node id="4688436188" visible="true" version="1" changeset="46130934" timestamp="2017-02-16T09:31:57Z" user="florinbadita_telenav" uid="2959379" lat="43.4394613" lon="-80.5816742"/>
 <node id="5977386354" visible="true" version="1" changeset="63439894" timestamp="2018-10-12T04:14:54Z" user="WalterH" uid="144788" lat="43.4439126" lon="-80.5862693"/>
 <node id="5977386362" visible="true" version="1" changeset="63439894" timestamp="2018-10-12T04:14:54Z" user="WalterH" uid="144788" lat="43.4425607" lon="-80.5847801"/>
 <node id="6085425016" visible="true" version="1" changeset="64818077" timestamp="2018-11-23T11:55:59Z" user="ionutr2_telenav" uid="6229487" lat="43.4360044" lon="-80.5789052"/>
 <node id="6085425017" visible="true" version="1" changeset="64818077" timestamp="2018-11-23T11:55:59Z" user="ionutr2_telenav" uid="6229487" lat="43.4359678" lon="-80.5789702"/>
 <node id="6085425018" visible="true" version="1" changeset="64818077" timestamp="2018-11-23T11:55:59Z" user="ionutr2_telenav" uid="6229487" lat="43.4359483" lon="-80.5790426"/>
 <node id="6085425019" visible="true" version="1" changeset="64818077" timestamp="2018-11-23T11:55:59Z" user="ionutr2_telenav" uid="6229487" lat="43.4358846" lon="-80.5797265"/>
 <node id="6088967460" visible="true" version="1" changeset="64855944" timestamp="2018-11-24T23:14:30Z" user="WalterH" uid="144788" lat="43.4406394" lon="-80.5900029"/>
 <node id="6088967461" visible="true" version="1" changeset="64855944" timestamp="2018-11-24T23:14:30Z" user="WalterH" uid="144788" lat="43.4407171" lon="-80.5900029"/>
 <node id="6088967467" visible="true" version="1" changeset="64855944" timestamp="2018-11-24T23:14:30Z" user="WalterH" uid="144788" lat="43.4402647" lon="-80.5870527"/>
 <node id="6088967468" visible="true" version="1" changeset="64855944" timestamp="2018-11-24T23:14:30Z" user="WalterH" uid="144788" lat="43.4376488" lon="-80.5842388"/>
 <node id="6088967469" visible="true" version="1" changeset="64855944" timestamp="2018-11-24T23:14:30Z" user="WalterH" uid="144788" lat="43.4375569" lon="-80.5843459"/>
 <node id="6088967470" visible="true" version="1" changeset="64855944" timestamp="2018-11-24T23:14:30Z" user="WalterH" uid="144788" lat="43.4368641" lon="-80.5872182"/>
 <node id="6088967471" visible="true" version="1" changeset="64855944" timestamp="2018-11-24T23:14:30Z" user="WalterH" uid="144788" lat="43.4369772" lon="-80.5875590"/>
 <node id="6088967472" visible="true" version="1" changeset="64855944" timestamp="2018-11-24T23:14:30Z" user="WalterH" uid="144788" lat="43.4372246" lon="-80.5878122"/>
 <node id="6088967473" visible="true" version="1" changeset="64855944" timestamp="2018-11-24T23:14:30Z" user="WalterH" uid="144788" lat="43.4380235" lon="-80.5881724"/>
 <node id="6088967474" visible="true" version="1" changeset="64855944" timestamp="2018-11-24T23:14:30Z" user="WalterH" uid="144788" lat="43.4399112" lon="-80.5895063"/>
 <node id="6088967475" visible="true" version="1" changeset="64855944" timestamp="2018-11-24T23:14:30Z" user="WalterH" uid="144788" lat="43.4400243" lon="-80.5894771"/>
 <node id="6088967476" visible="true" version="1" changeset="64855944" timestamp="2018-11-24T23:14:30Z" user="WalterH" uid="144788" lat="43.4403848" lon="-80.5896329"/>
 <node id="6088967477" visible="true" version="1" changeset="64855944" timestamp="2018-11-24T23:14:30Z" user="WalterH" uid="144788" lat="43.4405050" lon="-80.5898179"/>
 <node id="6088967479" visible="true" version="1" changeset="64855944" timestamp="2018-11-24T23:14:30Z" user="WalterH" uid="144788" lat="43.4405687" lon="-80.5912200"/>
 <node id="6088967480" visible="true" version="1" changeset="64855944" timestamp="2018-11-24T23:14:30Z" user="WalterH" uid="144788" lat="43.4405333" lon="-80.5909279"/>
 <node id="6088967481" visible="true" version="1" changeset="64855944" timestamp="2018-11-24T23:14:30Z" user="WalterH" uid="144788" lat="43.4403283" lon="-80.5906455"/>
 <node id="6088967482" visible="true" version="1" changeset="64855944" timestamp="2018-11-24T23:14:30Z" user="WalterH" uid="144788" lat="43.4401940" lon="-80.5901976"/>
 <node id="6088967483" visible="true" version="1" changeset="64855944" timestamp="2018-11-24T23:14:30Z" user="WalterH" uid="144788" lat="43.4400596" lon="-80.5900418"/>
 <node id="6088967484" visible="true" version="1" changeset="64855944" timestamp="2018-11-24T23:14:30Z" user="WalterH" uid="144788" lat="43.4395789" lon="-80.5899542"/>
 <node id="6088967485" visible="true" version="1" changeset="64855944" timestamp="2018-11-24T23:14:30Z" user="WalterH" uid="144788" lat="43.4393456" lon="-80.5898179"/>
 <node id="6088967486" visible="true" version="1" changeset="64855944" timestamp="2018-11-24T23:14:30Z" user="WalterH" uid="144788" lat="43.4387942" lon="-80.5891169"/>
 <node id="6088967487" visible="true" version="1" changeset="64855944" timestamp="2018-11-24T23:14:30Z" user="WalterH" uid="144788" lat="43.4383487" lon="-80.5886203"/>
 <node id="6088967488" visible="true" version="1" changeset="64855944" timestamp="2018-11-24T23:14:30Z" user="WalterH" uid="144788" lat="43.4382215" lon="-80.5886203"/>
 <node id="6088967489" visible="true" version="1" changeset="64855944" timestamp="2018-11-24T23:14:30Z" user="WalterH" uid="144788" lat="43.4381791" lon="-80.5887566"/>
 <node id="6088967490" visible="true" version="1" changeset="64855944" timestamp="2018-11-24T23:14:30Z" user="WalterH" uid="144788" lat="43.4382215" lon="-80.5889806"/>
 <node id="6919394886" visible="true" version="1" changeset="76255876" timestamp="2019-10-27T02:05:11Z" user="WalterH" uid="144788" lat="43.4332937" lon="-80.5771399"/>
 <node id="6919394887" visible="true" version="1" changeset="76255876" timestamp="2019-10-27T02:05:11Z" user="WalterH" uid="144788" lat="43.4334948" lon="-80.5769372"/>
 <node id="6919394888" visible="true" version="1" changeset="76255876" timestamp="2019-10-27T02:05:11Z" user="WalterH" uid="144788" lat="43.4337521" lon="-80.5767675"/>
 <node id="6919394978" visible="true" version="1" changeset="76255876" timestamp="2019-10-27T02:05:11Z" user="WalterH" uid="144788" lat="43.4401163" lon="-80.5821523"/>
 <node id="7542447127" visible="true" version="1" changeset="85519354" timestamp="2020-05-20T21:36:44Z" user="thampton" uid="9838062" lat="43.4574578" lon="-80.6012056"/>
 <node id="7589949751" visible="true" version="1" changeset="86145643" timestamp="2020-06-03T16:31:10Z" user="thampton" uid="9838062" lat="43.4545652" lon="-80.5980010"/>
 <node id="7606125190" visible="true" version="1" changeset="86415042" timestamp="2020-06-09T15:06:29Z" user="thampton" uid="9838062" lat="43.4623408" lon="-80.6066087"/>
 <node id="7606125198" visible="true" version="1" changeset="86415042" timestamp="2020-06-09T15:06:29Z" user="thampton" uid="9838062" lat="43.4635588" lon="-80.6079671"/>
 <node id="7725359302" visible="true" version="1" changeset="88160010" timestamp="2020-07-17T20:12:20Z" user="thampton" uid="9838062" lat="43.4347572" lon="-80.5738162"/>
 <node id="7725359318" visible="true" version="1" changeset="88160010" timestamp="2020-07-17T20:12:20Z" user="thampton" uid="9838062" lat="43.4371082" lon="-80.5754472"/>
 <node id="7725359324" visible="true" version="1" changeset="88160010" timestamp="2020-07-17T20:12:20Z" user="thampton" uid="9838062" lat="43.4386576" lon="-80.5804211"/>
 <node id="7725359326" visible="true" version="1" changeset="88160010" timestamp="2020-07-17T20:12:20Z" user="thampton" uid="9838062" lat="43.4401955" lon="-80.5819408"/>
 <node id="7725359327" visible="true" version="1" changeset="88160010" timestamp="2020-07-17T20:12:20Z" user="thampton" uid="9838062" lat="43.4321891" lon="-80.5693653"/>
 <node id="7725369092" visible="true" version="1" changeset="88160010" timestamp="2020-07-17T20:12:20Z" user="thampton" uid="9838062" lat="43.4416928" lon="-80.5839888"/>
 <node id="7725369093" visible="true" version="1" changeset="88160010" timestamp="2020-07-17T20:12:20Z" user="thampton" uid="9838062" lat="43.4388293" lon="-80.5801380"/>
 <node id="7725369094" visible="true" version="1" changeset="88160010" timestamp="2020-07-17T20:12:20Z" user="thampton" uid="9838062" lat="43.4384688" lon="-80.5797686"/>
 <node id="7725369095" visible="true" version="1" changeset="88160010" timestamp="2020-07-17T20:12:20Z" user="thampton" uid="9838062" lat="43.4382795" lon="-80.5800734"/>
 <node id="7725369096" visible="true" version="1" changeset="88160010" timestamp="2020-07-17T20:12:20Z" user="thampton" uid="9838062" lat="43.4360221" lon="-80.5824572"/>
 <node id="7725369097" visible="true" version="1" changeset="88160010" timestamp="2020-07-17T20:12:20Z" user="thampton" uid="9838062" lat="43.4360489" lon="-80.5828208"/>
 <node id="7725369098" visible="true" version="1" changeset="88160010" timestamp="2020-07-17T20:12:20Z" user="thampton" uid="9838062" lat="43.4359684" lon="-80.5831905"/>
 <node id="7725369099" visible="true" version="1" changeset="88160010" timestamp="2020-07-17T20:12:20Z" user="thampton" uid="9838062" lat="43.4357581" lon="-80.5835602"/>
 <node id="7725369100" visible="true" version="1" changeset="88160010" timestamp="2020-07-17T20:12:20Z" user="thampton" uid="9838062" lat="43.4356596" lon="-80.5838314"/>
 <node id="7725369101" visible="true" version="1" changeset="88160010" timestamp="2020-07-17T20:12:20Z" user="thampton" uid="9838062" lat="43.4357088" lon="-80.5840655"/>
 <node id="7725369102" visible="true" version="1" changeset="88160010" timestamp="2020-07-17T20:12:20Z" user="thampton" uid="9838062" lat="43.4357044" lon="-80.5842196"/>
 <node id="7725369103" visible="true" version="1" changeset="88160010" timestamp="2020-07-17T20:12:20Z" user="thampton" uid="9838062" lat="43.4355746" lon="-80.5846756"/>
 <node id="7725369104" visible="true" version="1" changeset="88160010" timestamp="2020-07-17T20:12:20Z" user="thampton" uid="9838062" lat="43.4354851" lon="-80.5847249"/>
 <node id="7725369105" visible="true" version="1" changeset="88160010" timestamp="2020-07-17T20:12:20Z" user="thampton" uid="9838062" lat="43.4353554" lon="-80.5846078"/>
 <node id="7725369106" visible="true" version="1" changeset="88160010" timestamp="2020-07-17T20:12:20Z" user="thampton" uid="9838062" lat="43.4351898" lon="-80.5844291"/>
 <node id="7725369107" visible="true" version="1" changeset="88160010" timestamp="2020-07-17T20:12:20Z" user="thampton" uid="9838062" lat="43.4349974" lon="-80.5842627"/>
 <node id="7725369108" visible="true" version="1" changeset="88160010" timestamp="2020-07-17T20:12:20Z" user="thampton" uid="9838062" lat="43.4345768" lon="-80.5841210"/>
 <node id="7725369109" visible="true" version="1" changeset="88160010" timestamp="2020-07-17T20:12:20Z" user="thampton" uid="9838062" lat="43.4340040" lon="-80.5839977"/>
 <node id="7725369110" visible="true" version="1" changeset="88160010" timestamp="2020-07-17T20:12:20Z" user="thampton" uid="9838062" lat="43.4338116" lon="-80.5838560"/>
 <node id="7725369111" visible="true" version="1" changeset="88160010" timestamp="2020-07-17T20:12:20Z" user="thampton" uid="9838062" lat="43.4337266" lon="-80.5835417"/>
 <node id="7725369112" visible="true" version="1" changeset="88160010" timestamp="2020-07-17T20:12:20Z" user="thampton" uid="9838062" lat="43.4337176" lon="-80.5832644"/>
 <node id="7725369113" visible="true" version="1" changeset="88160010" timestamp="2020-07-17T20:12:20Z" user="thampton" uid="9838062" lat="43.4338026" lon="-80.5828269"/>
 <node id="7725369114" visible="true" version="1" changeset="88160010" timestamp="2020-07-17T20:12:20Z" user="thampton" uid="9838062" lat="43.4337713" lon="-80.5824510"/>
 <node id="7725369115" visible="true" version="1" changeset="88160010" timestamp="2020-07-17T20:12:20Z" user="thampton" uid="9838062" lat="43.4336639" lon="-80.5821799"/>
 <node id="7725369116" visible="true" version="1" changeset="88160010" timestamp="2020-07-17T20:12:20Z" user="thampton" uid="9838062" lat="43.4335431" lon="-80.5821491"/>
 <node id="7725369117" visible="true" version="1" changeset="88160010" timestamp="2020-07-17T20:12:20Z" user="thampton" uid="9838062" lat="43.4334715" lon="-80.5822847"/>
 <node id="7725369118" visible="true" version="1" changeset="88160010" timestamp="2020-07-17T20:12:20Z" user="thampton" uid="9838062" lat="43.4333194" lon="-80.5822046"/>
 <node id="7725369119" visible="true" version="1" changeset="88160010" timestamp="2020-07-17T20:12:20Z" user="thampton" uid="9838062" lat="43.4318919" lon="-80.5804977"/>
 <node id="7725369120" visible="true" version="1" changeset="88160010" timestamp="2020-07-17T20:12:20Z" user="thampton" uid="9838062" lat="43.4320083" lon="-80.5803621"/>
 <node id="7725369121" visible="true" version="1" changeset="88160010" timestamp="2020-07-17T20:12:20Z" user="thampton" uid="9838062" lat="43.4326347" lon="-80.5799184"/>
 <node id="7725369122" visible="true" version="1" changeset="88160010" timestamp="2020-07-17T20:12:20Z" user="thampton" uid="9838062" lat="43.4329793" lon="-80.5797520"/>
 <node id="7725369123" visible="true" version="1" changeset="88160010" timestamp="2020-07-17T20:12:20Z" user="thampton" uid="9838062" lat="43.4332567" lon="-80.5797582"/>
 <node id="7725369124" visible="true" version="1" changeset="88160010" timestamp="2020-07-17T20:12:20Z" user="thampton" uid="9838062" lat="43.4337355" lon="-80.5800602"/>
 <node id="7725369125" visible="true" version="1" changeset="88160010" timestamp="2020-07-17T20:12:20Z" user="thampton" uid="9838062" lat="43.4342188" lon="-80.5804792"/>
 <node id="7725369126" visible="true" version="1" changeset="88160010" timestamp="2020-07-17T20:12:20Z" user="thampton" uid="9838062" lat="43.4344381" lon="-80.5806209"/>
 <node id="7725369127" visible="true" version="1" changeset="88160010" timestamp="2020-07-17T20:12:20Z" user="thampton" uid="9838062" lat="43.4355120" lon="-80.5817917"/>
 <node id="7725369128" visible="true" version="1" changeset="88160010" timestamp="2020-07-17T20:12:20Z" user="thampton" uid="9838062" lat="43.4311733" lon="-80.5721844"/>
 <node id="7726659583" visible="true" version="1" changeset="88178772" timestamp="2020-07-18T15:16:39Z" user="thampton" uid="9838062" lat="43.4303356" lon="-80.5773288"/>
 <node id="7726722141" visible="true" version="1" changeset="88178772" timestamp="2020-07-18T15:16:39Z" user="thampton" uid="9838062" lat="43.4312354" lon="-80.5810351"/>
 <node id="7726722317" visible="true" version="1" changeset="88178772" timestamp="2020-07-18T15:16:39Z" user="thampton" uid="9838062" lat="43.4396654" lon="-80.5786887"/>
 <node id="7726722318" visible="true" version="1" changeset="88178772" timestamp="2020-07-18T15:16:39Z" user="thampton" uid="9838062" lat="43.4399330" lon="-80.5774368"/>
 <node id="7726722319" visible="true" version="1" changeset="88178772" timestamp="2020-07-18T15:16:39Z" user="thampton" uid="9838062" lat="43.4399451" lon="-80.5772840"/>
 <node id="7726722320" visible="true" version="1" changeset="88178772" timestamp="2020-07-18T15:16:39Z" user="thampton" uid="9838062" lat="43.4397004" lon="-80.5767944"/>
 <node id="7726722396" visible="true" version="1" changeset="88178772" timestamp="2020-07-18T15:16:39Z" user="thampton" uid="9838062" lat="43.4331749" lon="-80.5771279"/>
 <node id="7726722405" visible="true" version="1" changeset="88178772" timestamp="2020-07-18T15:16:39Z" user="thampton" uid="9838062" lat="43.4315480" lon="-80.5769586"/>
 <node id="7726722406" visible="true" version="1" changeset="88178772" timestamp="2020-07-18T15:16:39Z" user="thampton" uid="9838062" lat="43.4323268" lon="-80.5780038"/>
 <node id="7726722407" visible="true" version="1" changeset="88178772" timestamp="2020-07-18T15:16:39Z" user="thampton" uid="9838062" lat="43.4322258" lon="-80.5745876"/>
 <node id="7726722409" visible="true" version="1" changeset="88178772" timestamp="2020-07-18T15:16:39Z" user="thampton" uid="9838062" lat="43.4333746" lon="-80.5758766"/>
 <node id="7726722410" visible="true" version="1" changeset="88178772" timestamp="2020-07-18T15:16:39Z" user="thampton" uid="9838062" lat="43.4340645" lon="-80.5755532"/>
 <node id="7726722412" visible="true" version="1" changeset="88178772" timestamp="2020-07-18T15:16:39Z" user="thampton" uid="9838062" lat="43.4342766" lon="-80.5766677"/>
 <node id="7726722413" visible="true" version="1" changeset="88178772" timestamp="2020-07-18T15:16:39Z" user="thampton" uid="9838062" lat="43.4342611" lon="-80.5764668"/>
 <node id="7726722414" visible="true" version="1" changeset="88178772" timestamp="2020-07-18T15:16:39Z" user="thampton" uid="9838062" lat="43.4341152" lon="-80.5762573"/>
 <node id="7726722415" visible="true" version="1" changeset="88178772" timestamp="2020-07-18T15:16:39Z" user="thampton" uid="9838062" lat="43.4340655" lon="-80.5762830"/>
 <node id="7726722416" visible="true" version="1" changeset="88178772" timestamp="2020-07-18T15:16:39Z" user="thampton" uid="9838062" lat="43.4338513" lon="-80.5764881"/>
 <node id="7726722417" visible="true" version="1" changeset="88178772" timestamp="2020-07-18T15:16:39Z" user="thampton" uid="9838062" lat="43.4354435" lon="-80.5769586"/>
 <node id="7726722418" visible="true" version="1" changeset="88178772" timestamp="2020-07-18T15:16:39Z" user="thampton" uid="9838062" lat="43.4360949" lon="-80.5776741"/>
 <node id="7726722419" visible="true" version="1" changeset="88178772" timestamp="2020-07-18T15:16:39Z" user="thampton" uid="9838062" lat="43.4360949" lon="-80.5776741"/>
 <node id="7726722420" visible="true" version="1" changeset="88178772" timestamp="2020-07-18T15:16:39Z" user="thampton" uid="9838062" lat="43.4365343" lon="-80.5792976"/>
 <node id="7726722421" visible="true" version="1" changeset="88178772" timestamp="2020-07-18T15:16:39Z" user="thampton" uid="9838062" lat="43.4375116" lon="-80.5792301"/>
 <node id="7726722422" visible="true" version="1" changeset="88178772" timestamp="2020-07-18T15:16:39Z" user="thampton" uid="9838062" lat="43.4371556" lon="-80.5798029"/>
 <node id="7726722423" visible="true" version="1" changeset="88178772" timestamp="2020-07-18T15:16:39Z" user="thampton" uid="9838062" lat="43.4346368" lon="-80.5772209"/>
 <node id="7726722424" visible="true" version="1" changeset="88178772" timestamp="2020-07-18T15:16:39Z" user="thampton" uid="9838062" lat="43.4314717" lon="-80.5800381"/>
 <node id="7726722425" visible="true" version="1" changeset="88178772" timestamp="2020-07-18T15:16:39Z" user="thampton" uid="9838062" lat="43.4339475" lon="-80.5792852"/>
 <node id="7726722426" visible="true" version="1" changeset="88178772" timestamp="2020-07-18T15:16:39Z" user="thampton" uid="9838062" lat="43.4337457" lon="-80.5788663"/>
 <node id="7726722427" visible="true" version="1" changeset="88178772" timestamp="2020-07-18T15:16:39Z" user="thampton" uid="9838062" lat="43.4335874" lon="-80.5789689"/>
 <node id="7726722428" visible="true" version="1" changeset="88178772" timestamp="2020-07-18T15:16:39Z" user="thampton" uid="9838062" lat="43.4337426" lon="-80.5792126"/>
 <node id="7726722429" visible="true" version="1" changeset="88178772" timestamp="2020-07-18T15:16:39Z" user="thampton" uid="9838062" lat="43.4338140" lon="-80.5792681"/>
 <node id="7726722430" visible="true" version="1" changeset="88178772" timestamp="2020-07-18T15:16:39Z" user="thampton" uid="9838062" lat="43.4338482" lon="-80.5794092"/>
 <node id="7726722431" visible="true" version="1" changeset="88178772" timestamp="2020-07-18T15:16:39Z" user="thampton" uid="9838062" lat="43.4338637" lon="-80.5795417"/>
 <node id="7726722432" visible="true" version="1" changeset="88178772" timestamp="2020-07-18T15:16:39Z" user="thampton" uid="9838062" lat="43.4339102" lon="-80.5795674"/>
 <node id="7726722433" visible="true" version="1" changeset="88178772" timestamp="2020-07-18T15:16:39Z" user="thampton" uid="9838062" lat="43.4339382" lon="-80.5795289"/>
 <node id="7726722434" visible="true" version="1" changeset="88178772" timestamp="2020-07-18T15:16:39Z" user="thampton" uid="9838062" lat="43.4339382" lon="-80.5794349"/>
 <node id="7726722435" visible="true" version="1" changeset="88178772" timestamp="2020-07-18T15:16:39Z" user="thampton" uid="9838062" lat="43.4337892" lon="-80.5786612"/>
 <node id="7726722436" visible="true" version="1" changeset="88178772" timestamp="2020-07-18T15:16:39Z" user="thampton" uid="9838062" lat="43.4335874" lon="-80.5787424"/>
 <node id="7726722437" visible="true" version="1" changeset="88178772" timestamp="2020-07-18T15:16:39Z" user="thampton" uid="9838062" lat="43.4336185" lon="-80.5785372"/>
 <node id="7726722438" visible="true" version="1" changeset="88178772" timestamp="2020-07-18T15:16:39Z" user="thampton" uid="9838062" lat="43.4336495" lon="-80.5784432"/>
 <node id="7726722439" visible="true" version="1" changeset="88178772" timestamp="2020-07-18T15:16:39Z" user="thampton" uid="9838062" lat="43.4336495" lon="-80.5783021"/>
 <node id="7726722440" visible="true" version="1" changeset="88178772" timestamp="2020-07-18T15:16:39Z" user="thampton" uid="9838062" lat="43.4336464" lon="-80.5781525"/>
 <node id="7726722441" visible="true" version="1" changeset="88178772" timestamp="2020-07-18T15:16:39Z" user="thampton" uid="9838062" lat="43.4336650" lon="-80.5780285"/>
 <node id="7726722442" visible="true" version="1" changeset="88178772" timestamp="2020-07-18T15:16:39Z" user="thampton" uid="9838062" lat="43.4337116" lon="-80.5780713"/>
 <node id="7726722443" visible="true" version="1" changeset="88178772" timestamp="2020-07-18T15:16:39Z" user="thampton" uid="9838062" lat="43.4337550" lon="-80.5783406"/>
 <node id="7726722444" visible="true" version="1" changeset="88178772" timestamp="2020-07-18T15:16:39Z" user="thampton" uid="9838062" lat="43.4337861" lon="-80.5785714"/>
 <node id="7726722445" visible="true" version="1" changeset="88178772" timestamp="2020-07-18T15:16:39Z" user="thampton" uid="9838062" lat="43.4336163" lon="-80.5792446"/>
 <node id="7726722446" visible="true" version="1" changeset="88178772" timestamp="2020-07-18T15:16:39Z" user="thampton" uid="9838062" lat="43.4336916" lon="-80.5794682"/>
 <node id="7726722447" visible="true" version="1" changeset="88178772" timestamp="2020-07-18T15:16:39Z" user="thampton" uid="9838062" lat="43.4336446" lon="-80.5797630"/>
 <node id="7726722448" visible="true" version="1" changeset="88178772" timestamp="2020-07-18T15:16:39Z" user="thampton" uid="9838062" lat="43.4335669" lon="-80.5798213"/>
 <node id="7726722449" visible="true" version="1" changeset="88178772" timestamp="2020-07-18T15:16:39Z" user="thampton" uid="9838062" lat="43.4334775" lon="-80.5798148"/>
 <node id="7726722450" visible="true" version="1" changeset="88178772" timestamp="2020-07-18T15:16:39Z" user="thampton" uid="9838062" lat="43.4333435" lon="-80.5797403"/>
 <node id="7726722451" visible="true" version="1" changeset="88178772" timestamp="2020-07-18T15:16:39Z" user="thampton" uid="9838062" lat="43.4332070" lon="-80.5797111"/>
 <node id="7726722452" visible="true" version="1" changeset="88178772" timestamp="2020-07-18T15:16:39Z" user="thampton" uid="9838062" lat="43.4329624" lon="-80.5797338"/>
 <node id="7726722453" visible="true" version="1" changeset="88178772" timestamp="2020-07-18T15:16:39Z" user="thampton" uid="9838062" lat="43.4326071" lon="-80.5799023"/>
 <node id="7726722454" visible="true" version="1" changeset="88178772" timestamp="2020-07-18T15:16:39Z" user="thampton" uid="9838062" lat="43.4320190" lon="-80.5803266"/>
 <node id="7726722455" visible="true" version="1" changeset="88178772" timestamp="2020-07-18T15:16:39Z" user="thampton" uid="9838062" lat="43.4319437" lon="-80.5802878"/>
 <node id="7726722456" visible="true" version="1" changeset="88178772" timestamp="2020-07-18T15:16:39Z" user="thampton" uid="9838062" lat="43.4320143" lon="-80.5801161"/>
 <node id="7726722457" visible="true" version="1" changeset="88178772" timestamp="2020-07-18T15:16:39Z" user="thampton" uid="9838062" lat="43.4321366" lon="-80.5797565"/>
 <node id="7726722458" visible="true" version="1" changeset="88178772" timestamp="2020-07-18T15:16:39Z" user="thampton" uid="9838062" lat="43.4323460" lon="-80.5794423"/>
 <node id="7726722459" visible="true" version="1" changeset="88178772" timestamp="2020-07-18T15:16:39Z" user="thampton" uid="9838062" lat="43.4324730" lon="-80.5793742"/>
 <node id="7726722460" visible="true" version="1" changeset="88178772" timestamp="2020-07-18T15:16:39Z" user="thampton" uid="9838062" lat="43.4326189" lon="-80.5794520"/>
 <node id="7726722461" visible="true" version="1" changeset="88178772" timestamp="2020-07-18T15:16:39Z" user="thampton" uid="9838062" lat="43.4327412" lon="-80.5795362"/>
 <node id="7726722462" visible="true" version="1" changeset="88178772" timestamp="2020-07-18T15:16:39Z" user="thampton" uid="9838062" lat="43.4328330" lon="-80.5795459"/>
 <node id="7726722463" visible="true" version="1" changeset="88178772" timestamp="2020-07-18T15:16:39Z" user="thampton" uid="9838062" lat="43.4331623" lon="-80.5793872"/>
 <node id="7726722464" visible="true" version="1" changeset="88178772" timestamp="2020-07-18T15:16:39Z" user="thampton" uid="9838062" lat="43.4331811" lon="-80.5792122"/>
 <node id="7726722465" visible="true" version="1" changeset="88178772" timestamp="2020-07-18T15:16:39Z" user="thampton" uid="9838062" lat="43.4331200" lon="-80.5790503"/>
 <node id="7726722466" visible="true" version="1" changeset="88178772" timestamp="2020-07-18T15:16:39Z" user="thampton" uid="9838062" lat="43.4330447" lon="-80.5790017"/>
 <node id="7726722467" visible="true" version="1" changeset="88178772" timestamp="2020-07-18T15:16:39Z" user="thampton" uid="9838062" lat="43.4329694" lon="-80.5790017"/>
 <node id="7726722468" visible="true" version="1" changeset="88178772" timestamp="2020-07-18T15:16:39Z" user="thampton" uid="9838062" lat="43.4328565" lon="-80.5791831"/>
 <node id="7726722469" visible="true" version="1" changeset="88178772" timestamp="2020-07-18T15:16:39Z" user="thampton" uid="9838062" lat="43.4327577" lon="-80.5792900"/>
 <node id="7726722470" visible="true" version="1" changeset="88178772" timestamp="2020-07-18T15:16:39Z" user="thampton" uid="9838062" lat="43.4326283" lon="-80.5793062"/>
 <node id="7726722471" visible="true" version="1" changeset="88178772" timestamp="2020-07-18T15:16:39Z" user="thampton" uid="9838062" lat="43.4326048" lon="-80.5789790"/>
 <node id="7726722472" visible="true" version="1" changeset="88178772" timestamp="2020-07-18T15:16:39Z" user="thampton" uid="9838062" lat="43.4326942" lon="-80.5787522"/>
 <node id="7726722473" visible="true" version="1" changeset="88178772" timestamp="2020-07-18T15:16:39Z" user="thampton" uid="9838062" lat="43.4327083" lon="-80.5786097"/>
 <node id="7726722474" visible="true" version="1" changeset="88178772" timestamp="2020-07-18T15:16:39Z" user="thampton" uid="9838062" lat="43.4326495" lon="-80.5785093"/>
 <node id="7726722475" visible="true" version="1" changeset="88178772" timestamp="2020-07-18T15:16:39Z" user="thampton" uid="9838062" lat="43.4325248" lon="-80.5784931"/>
 <node id="7726722476" visible="true" version="1" changeset="88178772" timestamp="2020-07-18T15:16:39Z" user="thampton" uid="9838062" lat="43.4323766" lon="-80.5786259"/>
 <node id="7726722477" visible="true" version="1" changeset="88178772" timestamp="2020-07-18T15:16:39Z" user="thampton" uid="9838062" lat="43.4322707" lon="-80.5786324"/>
 <node id="7726722478" visible="true" version="1" changeset="88178772" timestamp="2020-07-18T15:16:39Z" user="thampton" uid="9838062" lat="43.4322072" lon="-80.5785028"/>
 <node id="7726722479" visible="true" version="1" changeset="88178772" timestamp="2020-07-18T15:16:39Z" user="thampton" uid="9838062" lat="43.4322660" lon="-80.5782307"/>
 <node id="7726722480" visible="true" version="1" changeset="88178772" timestamp="2020-07-18T15:16:39Z" user="thampton" uid="9838062" lat="43.4323648" lon="-80.5779942"/>
 <node id="7726722481" visible="true" version="1" changeset="88178772" timestamp="2020-07-18T15:16:39Z" user="thampton" uid="9838062" lat="43.4325954" lon="-80.5778387"/>
 <node id="7726722482" visible="true" version="1" changeset="88178772" timestamp="2020-07-18T15:16:39Z" user="thampton" uid="9838062" lat="43.4327977" lon="-80.5777869"/>
 <node id="7726722483" visible="true" version="1" changeset="88178772" timestamp="2020-07-18T15:16:39Z" user="thampton" uid="9838062" lat="43.4329459" lon="-80.5775957"/>
 <node id="7726722484" visible="true" version="1" changeset="88178772" timestamp="2020-07-18T15:16:39Z" user="thampton" uid="9838062" lat="43.4329882" lon="-80.5773981"/>
 <node id="7726722485" visible="true" version="1" changeset="88178772" timestamp="2020-07-18T15:16:39Z" user="thampton" uid="9838062" lat="43.4330282" lon="-80.5773106"/>
 <node id="7726722486" visible="true" version="1" changeset="88178772" timestamp="2020-07-18T15:16:39Z" user="thampton" uid="9838062" lat="43.4331200" lon="-80.5773171"/>
 <node id="7726722487" visible="true" version="1" changeset="88178772" timestamp="2020-07-18T15:16:39Z" user="thampton" uid="9838062" lat="43.4332799" lon="-80.5774661"/>
 <node id="7726722488" visible="true" version="1" changeset="88178772" timestamp="2020-07-18T15:16:39Z" user="thampton" uid="9838062" lat="43.4333482" lon="-80.5776054"/>
 <node id="7726722489" visible="true" version="1" changeset="88178772" timestamp="2020-07-18T15:16:39Z" user="thampton" uid="9838062" lat="43.4334634" lon="-80.5777156"/>
 <node id="7726722490" visible="true" version="1" changeset="88178772" timestamp="2020-07-18T15:16:39Z" user="thampton" uid="9838062" lat="43.4335552" lon="-80.5779974"/>
 <node id="7726722491" visible="true" version="1" changeset="88178772" timestamp="2020-07-18T15:16:39Z" user="thampton" uid="9838062" lat="43.4335246" lon="-80.5781011"/>
 <node id="7726722492" visible="true" version="1" changeset="88178772" timestamp="2020-07-18T15:16:39Z" user="thampton" uid="9838062" lat="43.4335622" lon="-80.5784218"/>
 <node id="7726722493" visible="true" version="1" changeset="88178772" timestamp="2020-07-18T15:16:39Z" user="thampton" uid="9838062" lat="43.4335058" lon="-80.5784672"/>
 <node id="7726722494" visible="true" version="1" changeset="88178772" timestamp="2020-07-18T15:16:39Z" user="thampton" uid="9838062" lat="43.4334775" lon="-80.5788948"/>
 <node id="7726722495" visible="true" version="1" changeset="88178772" timestamp="2020-07-18T15:16:39Z" user="thampton" uid="9838062" lat="43.4335316" lon="-80.5791345"/>
 <node id="7726722543" visible="true" version="1" changeset="88178772" timestamp="2020-07-18T15:16:39Z" user="thampton" uid="9838062" lat="43.4410579" lon="-80.5876485"/>
 <node id="7726722544" visible="true" version="1" changeset="88178772" timestamp="2020-07-18T15:16:39Z" user="thampton" uid="9838062" lat="43.4402932" lon="-80.5869451"/>
 <node id="7726722545" visible="true" version="1" changeset="88178772" timestamp="2020-07-18T15:16:39Z" user="thampton" uid="9838062" lat="43.4371316" lon="-80.5881338"/>
 <node id="7726722546" visible="true" version="1" changeset="88178772" timestamp="2020-07-18T15:16:39Z" user="thampton" uid="9838062" lat="43.4366770" lon="-80.5878292"/>
 <node id="7726722547" visible="true" version="1" changeset="88178772" timestamp="2020-07-18T15:16:39Z" user="thampton" uid="9838062" lat="43.4363862" lon="-80.5878292"/>
 <node id="7726722548" visible="true" version="1" changeset="88178772" timestamp="2020-07-18T15:16:39Z" user="thampton" uid="9838062" lat="43.4361896" lon="-80.5879645"/>
 <node id="7726722549" visible="true" version="1" changeset="88178772" timestamp="2020-07-18T15:16:39Z" user="thampton" uid="9838062" lat="43.4358660" lon="-80.5897243"/>
 <node id="7726722550" visible="true" version="1" changeset="88178772" timestamp="2020-07-18T15:16:39Z" user="thampton" uid="9838062" lat="43.4346004" lon="-80.5882860"/>
 <node id="7726722568" visible="true" version="1" changeset="88178772" timestamp="2020-07-18T15:16:39Z" user="thampton" uid="9838062" lat="43.4401533" lon="-80.5821805"/>
 <node id="7726722569" visible="true" version="1" changeset="88178772" timestamp="2020-07-18T15:16:39Z" user="thampton" uid="9838062" lat="43.4394972" lon="-80.5836837"/>
 <node id="7726722570" visible="true" version="1" changeset="88178772" timestamp="2020-07-18T15:16:39Z" user="thampton" uid="9838062" lat="43.4413500" lon="-80.5859646"/>
 <node id="7726722582" visible="true" version="1" changeset="88178772" timestamp="2020-07-18T15:16:39Z" user="thampton" uid="9838062" lat="43.4414725" lon="-80.5852588"/>
 <node id="7726722601" visible="true" version="2" changeset="96349580" timestamp="2020-12-23T22:52:57Z" user="Rps333" uid="596047" lat="43.4400896" lon="-80.5852319"/>
 <node id="7726722604" visible="true" version="1" changeset="88178772" timestamp="2020-07-18T15:16:39Z" user="thampton" uid="9838062" lat="43.4396701" lon="-80.5842591"/>
 <node id="8258687311" visible="true" version="2" changeset="103664909" timestamp="2021-04-27T00:21:41Z" user="Megaminx12" uid="12375475" lat="43.4365185" lon="-80.5764205"/>
 <node id="8258687316" visible="true" version="2" changeset="103664909" timestamp="2021-04-27T00:21:41Z" user="Megaminx12" uid="12375475" lat="43.4363682" lon="-80.5769363"/>
 <node id="8258733517" visible="true" version="2" changeset="103664909" timestamp="2021-04-27T00:21:41Z" user="Megaminx12" uid="12375475" lat="43.4363000" lon="-80.5769889"/>
 <node id="8258733518" visible="true" version="2" changeset="103664909" timestamp="2021-04-27T00:21:41Z" user="Megaminx12" uid="12375475" lat="43.4362465" lon="-80.5769543"/>
 <node id="8258733519" visible="true" version="2" changeset="103664909" timestamp="2021-04-27T00:21:41Z" user="Megaminx12" uid="12375475" lat="43.4361941" lon="-80.5767974"/>
 <node id="8258733525" visible="true" version="1" changeset="96405952" timestamp="2020-12-25T00:40:01Z" user="Megaminx12" uid="12375475" lat="43.4364611" lon="-80.5765390"/>
 <node id="8258733526" visible="true" version="1" changeset="96405952" timestamp="2020-12-25T00:40:01Z" user="Megaminx12" uid="12375475" lat="43.4363997" lon="-80.5764748"/>
 <node id="8258733527" visible="true" version="1" changeset="96405952" timestamp="2020-12-25T00:40:01Z" user="Megaminx12" uid="12375475" lat="43.4363335" lon="-80.5764444"/>
 <node id="8258733528" visible="true" version="1" changeset="96405952" timestamp="2020-12-25T00:40:01Z" user="Megaminx12" uid="12375475" lat="43.4362132" lon="-80.5764275"/>
 <node id="8258733529" visible="true" version="1" changeset="96405952" timestamp="2020-12-25T00:40:01Z" user="Megaminx12" uid="12375475" lat="43.4361666" lon="-80.5764106"/>
 <node id="8258733530" visible="true" version="1" changeset="96405952" timestamp="2020-12-25T00:40:01Z" user="Megaminx12" uid="12375475" lat="43.4361421" lon="-80.5764714"/>
 <node id="8258733531" visible="true" version="1" changeset="96405952" timestamp="2020-12-25T00:40:01Z" user="Megaminx12" uid="12375475" lat="43.4361789" lon="-80.5765154"/>
 <node id="8258733532" visible="true" version="1" changeset="96405952" timestamp="2020-12-25T00:40:01Z" user="Megaminx12" uid="12375475" lat="43.4361421" lon="-80.5765728"/>
 <node id="8258733533" visible="true" version="1" changeset="96405952" timestamp="2020-12-25T00:40:01Z" user="Megaminx12" uid="12375475" lat="43.4360881" lon="-80.5765661"/>
 <node id="8258733534" visible="true" version="1" changeset="96405952" timestamp="2020-12-25T00:40:01Z" user="Megaminx12" uid="12375475" lat="43.4360292" lon="-80.5766269"/>
 <node id="8258733535" visible="true" version="1" changeset="96405952" timestamp="2020-12-25T00:40:01Z" user="Megaminx12" uid="12375475" lat="43.4359531" lon="-80.5767350"/>
 <node id="8258733536" visible="true" version="1" changeset="96405952" timestamp="2020-12-25T00:40:01Z" user="Megaminx12" uid="12375475" lat="43.4359065" lon="-80.5768465"/>
 <node id="8258733537" visible="true" version="1" changeset="96405952" timestamp="2020-12-25T00:40:01Z" user="Megaminx12" uid="12375475" lat="43.4358199" lon="-80.5769044"/>
 <node id="8258733538" visible="true" version="1" changeset="96405952" timestamp="2020-12-25T00:40:01Z" user="Megaminx12" uid="12375475" lat="43.4357617" lon="-80.5768060"/>
 <node id="8258733539" visible="true" version="1" changeset="96405952" timestamp="2020-12-25T00:40:01Z" user="Megaminx12" uid="12375475" lat="43.4357642" lon="-80.5766708"/>
 <node id="8258733540" visible="true" version="1" changeset="96405952" timestamp="2020-12-25T00:40:01Z" user="Megaminx12" uid="12375475" lat="43.4357519" lon="-80.5765492"/>
 <node id="8258733541" visible="true" version="1" changeset="96405952" timestamp="2020-12-25T00:40:01Z" user="Megaminx12" uid="12375475" lat="43.4357298" lon="-80.5764579"/>
 <node id="8258733542" visible="true" version="1" changeset="96405952" timestamp="2020-12-25T00:40:01Z" user="Megaminx12" uid="12375475" lat="43.4356856" lon="-80.5763971"/>
 <node id="8258733543" visible="true" version="1" changeset="96405952" timestamp="2020-12-25T00:40:01Z" user="Megaminx12" uid="12375475" lat="43.4355924" lon="-80.5763802"/>
 <node id="8258733544" visible="true" version="1" changeset="96405952" timestamp="2020-12-25T00:40:01Z" user="Megaminx12" uid="12375475" lat="43.4354255" lon="-80.5764241"/>
 <node id="8258733545" visible="true" version="1" changeset="96405952" timestamp="2020-12-25T00:40:01Z" user="Megaminx12" uid="12375475" lat="43.4351976" lon="-80.5763483"/>
 <node id="8258733546" visible="true" version="1" changeset="96405952" timestamp="2020-12-25T00:40:01Z" user="Megaminx12" uid="12375475" lat="43.4351509" lon="-80.5762893"/>
 <node id="8258733547" visible="true" version="1" changeset="96405952" timestamp="2020-12-25T00:40:01Z" user="Megaminx12" uid="12375475" lat="43.4351353" lon="-80.5761820"/>
 <node id="8258733548" visible="true" version="1" changeset="96405952" timestamp="2020-12-25T00:40:01Z" user="Megaminx12" uid="12375475" lat="43.4351470" lon="-80.5759888"/>
 <node id="8258733549" visible="true" version="1" changeset="96405952" timestamp="2020-12-25T00:40:01Z" user="Megaminx12" uid="12375475" lat="43.4351314" lon="-80.5758708"/>
 <node id="8258733550" visible="true" version="1" changeset="96405952" timestamp="2020-12-25T00:40:01Z" user="Megaminx12" uid="12375475" lat="43.4351431" lon="-80.5757367"/>
 <node id="8258733551" visible="true" version="1" changeset="96405952" timestamp="2020-12-25T00:40:01Z" user="Megaminx12" uid="12375475" lat="43.4351470" lon="-80.5755436"/>
 <node id="8258733552" visible="true" version="1" changeset="96405952" timestamp="2020-12-25T00:40:01Z" user="Megaminx12" uid="12375475" lat="43.4351041" lon="-80.5754041"/>
 <node id="8258733553" visible="true" version="1" changeset="96405952" timestamp="2020-12-25T00:40:01Z" user="Megaminx12" uid="12375475" lat="43.4350145" lon="-80.5752056"/>
 <node id="8258733554" visible="true" version="1" changeset="96405952" timestamp="2020-12-25T00:40:01Z" user="Megaminx12" uid="12375475" lat="43.4348967" lon="-80.5748772"/>
 <node id="8258733555" visible="true" version="1" changeset="96405952" timestamp="2020-12-25T00:40:01Z" user="Megaminx12" uid="12375475" lat="43.4347298" lon="-80.5745798"/>
 <node id="8258733556" visible="true" version="1" changeset="96405952" timestamp="2020-12-25T00:40:01Z" user="Megaminx12" uid="12375475" lat="43.4345630" lon="-80.5743095"/>
 <node id="8258733557" visible="true" version="1" changeset="96405952" timestamp="2020-12-25T00:40:01Z" user="Megaminx12" uid="12375475" lat="43.4344157" lon="-80.5741675"/>
 <node id="8258733558" visible="true" version="1" changeset="96405952" timestamp="2020-12-25T00:40:01Z" user="Megaminx12" uid="12375475" lat="43.4342685" lon="-80.5741337"/>
 <node id="8258733559" visible="true" version="1" changeset="96405952" timestamp="2020-12-25T00:40:01Z" user="Megaminx12" uid="12375475" lat="43.4341212" lon="-80.5741540"/>
 <node id="8258733560" visible="true" version="2" changeset="103664909" timestamp="2021-04-27T00:21:41Z" user="Megaminx12" uid="12375475" lat="43.4339358" lon="-80.5742829"/>
 <node id="8670147844" visible="true" version="2" changeset="104017431" timestamp="2021-05-03T01:40:31Z" user="Megaminx12" uid="12375475" lat="43.4348261" lon="-80.5742643"/>
 <node id="8670147845" visible="true" version="1" changeset="103664909" timestamp="2021-04-27T00:21:41Z" user="Megaminx12" uid="12375475" lat="43.4350186" lon="-80.5742238"/>
 <node id="8670147846" visible="true" version="1" changeset="103664909" timestamp="2021-04-27T00:21:41Z" user="Megaminx12" uid="12375475" lat="43.4352483" lon="-80.5742931"/>
 <node id="8670147847" visible="true" version="1" changeset="103664909" timestamp="2021-04-27T00:21:41Z" user="Megaminx12" uid="12375475" lat="43.4352512" lon="-80.5743179"/>
 <node id="8670147848" visible="true" version="1" changeset="103664909" timestamp="2021-04-27T00:21:41Z" user="Megaminx12" uid="12375475" lat="43.4353647" lon="-80.5743277"/>
 <node id="8670147849" visible="true" version="1" changeset="103664909" timestamp="2021-04-27T00:21:41Z" user="Megaminx12" uid="12375475" lat="43.4354724" lon="-80.5743518"/>
 <node id="8670147850" visible="true" version="1" changeset="103664909" timestamp="2021-04-27T00:21:41Z" user="Megaminx12" uid="12375475" lat="43.4355713" lon="-80.5743173"/>
 <node id="8670147851" visible="true" version="1" changeset="103664909" timestamp="2021-04-27T00:21:41Z" user="Megaminx12" uid="12375475" lat="43.4355969" lon="-80.5743534"/>
 <node id="8670147852" visible="true" version="1" changeset="103664909" timestamp="2021-04-27T00:21:41Z" user="Megaminx12" uid="12375475" lat="43.4358377" lon="-80.5742958"/>
 <node id="8670147853" visible="true" version="1" changeset="103664909" timestamp="2021-04-27T00:21:41Z" user="Megaminx12" uid="12375475" lat="43.4359282" lon="-80.5744134"/>
 <node id="8670147854" visible="true" version="1" changeset="103664909" timestamp="2021-04-27T00:21:41Z" user="Megaminx12" uid="12375475" lat="43.4358386" lon="-80.5745697"/>
 <node id="8670147855" visible="true" version="1" changeset="103664909" timestamp="2021-04-27T00:21:41Z" user="Megaminx12" uid="12375475" lat="43.4358165" lon="-80.5745946"/>
 <node id="8670147856" visible="true" version="1" changeset="103664909" timestamp="2021-04-27T00:21:41Z" user="Megaminx12" uid="12375475" lat="43.4355828" lon="-80.5751032"/>
 <node id="8670147857" visible="true" version="1" changeset="103664909" timestamp="2021-04-27T00:21:41Z" user="Megaminx12" uid="12375475" lat="43.4356903" lon="-80.5761587"/>
 <node id="8670147858" visible="true" version="1" changeset="103664909" timestamp="2021-04-27T00:21:41Z" user="Megaminx12" uid="12375475" lat="43.4364448" lon="-80.5762552"/>
 <node id="8670147859" visible="true" version="1" changeset="103664909" timestamp="2021-04-27T00:21:41Z" user="Megaminx12" uid="12375475" lat="43.4364069" lon="-80.5762569"/>
 <node id="8670147860" visible="true" version="1" changeset="103664909" timestamp="2021-04-27T00:21:41Z" user="Megaminx12" uid="12375475" lat="43.4364784" lon="-80.5763478"/>
 <node id="8670147861" visible="true" version="1" changeset="103664909" timestamp="2021-04-27T00:21:41Z" user="Megaminx12" uid="12375475" lat="43.4364484" lon="-80.5764164"/>
 <node id="8670147862" visible="true" version="1" changeset="103664909" timestamp="2021-04-27T00:21:41Z" user="Megaminx12" uid="12375475" lat="43.4364543" lon="-80.5764574"/>
 <node id="8670147897" visible="true" version="1" changeset="103664909" timestamp="2021-04-27T00:21:41Z" user="Megaminx12" uid="12375475" lat="43.4375464" lon="-80.5760709"/>
 <node id="8670147898" visible="true" version="1" changeset="103664909" timestamp="2021-04-27T00:21:41Z" user="Megaminx12" uid="12375475" lat="43.4385628" lon="-80.5766018"/>
 <node id="8670147899" visible="true" version="1" changeset="103664909" timestamp="2021-04-27T00:21:41Z" user="Megaminx12" uid="12375475" lat="43.4386546" lon="-80.5767174"/>
 <node id="8670147900" visible="true" version="1" changeset="103664909" timestamp="2021-04-27T00:21:41Z" user="Megaminx12" uid="12375475" lat="43.4393708" lon="-80.5772405"/>
 <node id="8670147901" visible="true" version="1" changeset="103664909" timestamp="2021-04-27T00:21:41Z" user="Megaminx12" uid="12375475" lat="43.4392656" lon="-80.5776237"/>
 <node id="8670147902" visible="true" version="1" changeset="103664909" timestamp="2021-04-27T00:21:41Z" user="Megaminx12" uid="12375475" lat="43.4392838" lon="-80.5775689"/>
 <node id="8670147903" visible="true" version="1" changeset="103664909" timestamp="2021-04-27T00:21:41Z" user="Megaminx12" uid="12375475" lat="43.4387701" lon="-80.5773041"/>
 <node id="8670147904" visible="true" version="1" changeset="103664909" timestamp="2021-04-27T00:21:41Z" user="Megaminx12" uid="12375475" lat="43.4387101" lon="-80.5773736"/>
 <node id="8670147905" visible="true" version="1" changeset="103664909" timestamp="2021-04-27T00:21:41Z" user="Megaminx12" uid="12375475" lat="43.4386291" lon="-80.5771216"/>
 <node id="8670147906" visible="true" version="1" changeset="103664909" timestamp="2021-04-27T00:21:41Z" user="Megaminx12" uid="12375475" lat="43.4386011" lon="-80.5770752"/>
 <node id="8670147907" visible="true" version="1" changeset="103664909" timestamp="2021-04-27T00:21:41Z" user="Megaminx12" uid="12375475" lat="43.4383660" lon="-80.5774387"/>
 <node id="8670147908" visible="true" version="1" changeset="103664909" timestamp="2021-04-27T00:21:41Z" user="Megaminx12" uid="12375475" lat="43.4384216" lon="-80.5776322"/>
 <node id="8670147909" visible="true" version="1" changeset="103664909" timestamp="2021-04-27T00:21:41Z" user="Megaminx12" uid="12375475" lat="43.4385158" lon="-80.5776868"/>
 <node id="8670147910" visible="true" version="1" changeset="103664909" timestamp="2021-04-27T00:21:41Z" user="Megaminx12" uid="12375475" lat="43.4386662" lon="-80.5779980"/>
 <node id="8670147911" visible="true" version="1" changeset="103664909" timestamp="2021-04-27T00:21:41Z" user="Megaminx12" uid="12375475" lat="43.4390143" lon="-80.5780367"/>
 <node id="8670147912" visible="true" version="1" changeset="103664909" timestamp="2021-04-27T00:21:41Z" user="Megaminx12" uid="12375475" lat="43.4391917" lon="-80.5780273"/>
 <node id="8670147913" visible="true" version="1" changeset="103664909" timestamp="2021-04-27T00:21:41Z" user="Megaminx12" uid="12375475" lat="43.4392345" lon="-80.5779990"/>
 <node id="8670147914" visible="true" version="1" changeset="103664909" timestamp="2021-04-27T00:21:41Z" user="Megaminx12" uid="12375475" lat="43.4395041" lon="-80.5781733"/>
 <node id="8670147915" visible="true" version="1" changeset="103664909" timestamp="2021-04-27T00:21:41Z" user="Megaminx12" uid="12375475" lat="43.4394604" lon="-80.5781487"/>
 <node id="8670147916" visible="true" version="1" changeset="103664909" timestamp="2021-04-27T00:21:41Z" user="Megaminx12" uid="12375475" lat="43.4393625" lon="-80.5782287"/>
 <node id="8670147917" visible="true" version="1" changeset="103664909" timestamp="2021-04-27T00:21:41Z" user="Megaminx12" uid="12375475" lat="43.4394822" lon="-80.5783457"/>
 <node id="8670147918" visible="true" version="1" changeset="103664909" timestamp="2021-04-27T00:21:41Z" user="Megaminx12" uid="12375475" lat="43.4395512" lon="-80.5783549"/>
 <node id="8670147919" visible="true" version="1" changeset="103664909" timestamp="2021-04-27T00:21:41Z" user="Megaminx12" uid="12375475" lat="43.4393922" lon="-80.5788723"/>
 <node id="8670147920" visible="true" version="1" changeset="103664909" timestamp="2021-04-27T00:21:41Z" user="Megaminx12" uid="12375475" lat="43.4393389" lon="-80.5788988"/>
 <node id="8670147921" visible="true" version="1" changeset="103664909" timestamp="2021-04-27T00:21:41Z" user="Megaminx12" uid="12375475" lat="43.4392125" lon="-80.5791846"/>
 <node id="8670147922" visible="true" version="1" changeset="103664909" timestamp="2021-04-27T00:21:41Z" user="Megaminx12" uid="12375475" lat="43.4392190" lon="-80.5793868"/>
 <node id="8670147923" visible="true" version="1" changeset="103664909" timestamp="2021-04-27T00:21:41Z" user="Megaminx12" uid="12375475" lat="43.4390599" lon="-80.5793210"/>
 <node id="8670147924" visible="true" version="1" changeset="103664909" timestamp="2021-04-27T00:21:41Z" user="Megaminx12" uid="12375475" lat="43.4390069" lon="-80.5792839"/>
 <node id="8670147925" visible="true" version="1" changeset="103664909" timestamp="2021-04-27T00:21:41Z" user="Megaminx12" uid="12375475" lat="43.4384047" lon="-80.5788337"/>
 <node id="8670147926" visible="true" version="1" changeset="103664909" timestamp="2021-04-27T00:21:41Z" user="Megaminx12" uid="12375475" lat="43.4383941" lon="-80.5787821"/>
 <node id="8670147927" visible="true" version="1" changeset="103664909" timestamp="2021-04-27T00:21:41Z" user="Megaminx12" uid="12375475" lat="43.4383222" lon="-80.5786586"/>
 <node id="8670147928" visible="true" version="1" changeset="103664909" timestamp="2021-04-27T00:21:41Z" user="Megaminx12" uid="12375475" lat="43.4379950" lon="-80.5784831"/>
 <node id="8670147929" visible="true" version="1" changeset="103664909" timestamp="2021-04-27T00:21:41Z" user="Megaminx12" uid="12375475" lat="43.4367957" lon="-80.5773507"/>
 <node id="8670147930" visible="true" version="1" changeset="103664909" timestamp="2021-04-27T00:21:41Z" user="Megaminx12" uid="12375475" lat="43.4368459" lon="-80.5772091"/>
 <node id="8670147931" visible="true" version="1" changeset="103664909" timestamp="2021-04-27T00:21:41Z" user="Megaminx12" uid="12375475" lat="43.4369465" lon="-80.5765499"/>
 <node id="8670147932" visible="true" version="1" changeset="103664909" timestamp="2021-04-27T00:21:41Z" user="Megaminx12" uid="12375475" lat="43.4370146" lon="-80.5765986"/>
 <node id="8670147933" visible="true" version="1" changeset="103664909" timestamp="2021-04-27T00:21:41Z" user="Megaminx12" uid="12375475" lat="43.4370623" lon="-80.5766918"/>
 <node id="8670147934" visible="true" version="1" changeset="103664909" timestamp="2021-04-27T00:21:41Z" user="Megaminx12" uid="12375475" lat="43.4367791" lon="-80.5765188"/>
 <node id="8670147935" visible="true" version="1" changeset="103664909" timestamp="2021-04-27T00:21:41Z" user="Megaminx12" uid="12375475" lat="43.4368501" lon="-80.5765425"/>
 <node id="8670147936" visible="true" version="1" changeset="103664909" timestamp="2021-04-27T00:21:41Z" user="Megaminx12" uid="12375475" lat="43.4366683" lon="-80.5764542"/>
 <node id="8670147937" visible="true" version="1" changeset="103664909" timestamp="2021-04-27T00:21:41Z" user="Megaminx12" uid="12375475" lat="43.4367305" lon="-80.5764853"/>
 <node id="8670147938" visible="true" version="1" changeset="103664909" timestamp="2021-04-27T00:21:41Z" user="Megaminx12" uid="12375475" lat="43.4365208" lon="-80.5765164"/>
 <node id="8670147939" visible="true" version="1" changeset="103664909" timestamp="2021-04-27T00:21:41Z" user="Megaminx12" uid="12375475" lat="43.4365437" lon="-80.5766458"/>
 <node id="8670147940" visible="true" version="1" changeset="103664909" timestamp="2021-04-27T00:21:41Z" user="Megaminx12" uid="12375475" lat="43.4363742" lon="-80.5767783"/>
 <node id="8670147941" visible="true" version="1" changeset="103664909" timestamp="2021-04-27T00:21:41Z" user="Megaminx12" uid="12375475" lat="43.4363988" lon="-80.5767598"/>
 <node id="8670147942" visible="true" version="1" changeset="103664909" timestamp="2021-04-27T00:21:41Z" user="Megaminx12" uid="12375475" lat="43.4363647" lon="-80.5768678"/>
 <node id="8670147943" visible="true" version="1" changeset="103664909" timestamp="2021-04-27T00:21:41Z" user="Megaminx12" uid="12375475" lat="43.4363612" lon="-80.5769652"/>
 <node id="8670147944" visible="true" version="1" changeset="103664909" timestamp="2021-04-27T00:21:41Z" user="Megaminx12" uid="12375475" lat="43.4359517" lon="-80.5767927"/>
 <node id="8670147945" visible="true" version="1" changeset="103664909" timestamp="2021-04-27T00:21:41Z" user="Megaminx12" uid="12375475" lat="43.4359598" lon="-80.5767652"/>
 <node id="8670147946" visible="true" version="1" changeset="103664909" timestamp="2021-04-27T00:21:41Z" user="Megaminx12" uid="12375475" lat="43.4360096" lon="-80.5767402"/>
 <node id="8670147947" visible="true" version="1" changeset="103664909" timestamp="2021-04-27T00:21:41Z" user="Megaminx12" uid="12375475" lat="43.4360386" lon="-80.5767712"/>
 <node id="8670147948" visible="true" version="1" changeset="103664909" timestamp="2021-04-27T00:21:41Z" user="Megaminx12" uid="12375475" lat="43.4360343" lon="-80.5768206"/>
 <node id="8670147949" visible="true" version="1" changeset="103664909" timestamp="2021-04-27T00:21:41Z" user="Megaminx12" uid="12375475" lat="43.4360685" lon="-80.5768082"/>
 <node id="8670147950" visible="true" version="1" changeset="103664909" timestamp="2021-04-27T00:21:41Z" user="Megaminx12" uid="12375475" lat="43.4360898" lon="-80.5767243"/>
 <node id="8670147951" visible="true" version="1" changeset="103664909" timestamp="2021-04-27T00:21:41Z" user="Megaminx12" uid="12375475" lat="43.4361630" lon="-80.5770075"/>
 <node id="8670147952" visible="true" version="1" changeset="103664909" timestamp="2021-04-27T00:21:41Z" user="Megaminx12" uid="12375475" lat="43.4357248" lon="-80.5773136"/>
 <node id="8670147953" visible="true" version="1" changeset="103664909" timestamp="2021-04-27T00:21:41Z" user="Megaminx12" uid="12375475" lat="43.4355626" lon="-80.5770081"/>
 <node id="8670147954" visible="true" version="1" changeset="103664909" timestamp="2021-04-27T00:21:41Z" user="Megaminx12" uid="12375475" lat="43.4354439" lon="-80.5770506"/>
 <node id="8670147955" visible="true" version="1" changeset="103664909" timestamp="2021-04-27T00:21:41Z" user="Megaminx12" uid="12375475" lat="43.4353716" lon="-80.5770283"/>
 <node id="8670147956" visible="true" version="1" changeset="103664909" timestamp="2021-04-27T00:21:41Z" user="Megaminx12" uid="12375475" lat="43.4349451" lon="-80.5759916"/>
 <node id="8670147957" visible="true" version="1" changeset="103664909" timestamp="2021-04-27T00:21:41Z" user="Megaminx12" uid="12375475" lat="43.4349981" lon="-80.5759631"/>
 <node id="8670147958" visible="true" version="1" changeset="103664909" timestamp="2021-04-27T00:21:41Z" user="Megaminx12" uid="12375475" lat="43.4349781" lon="-80.5757783"/>
 <node id="8670147959" visible="true" version="1" changeset="103664909" timestamp="2021-04-27T00:21:41Z" user="Megaminx12" uid="12375475" lat="43.4349183" lon="-80.5757058"/>
 <node id="8670147960" visible="true" version="1" changeset="103664909" timestamp="2021-04-27T00:21:41Z" user="Megaminx12" uid="12375475" lat="43.4349529" lon="-80.5755842"/>
 <node id="8670147961" visible="true" version="1" changeset="103664909" timestamp="2021-04-27T00:21:41Z" user="Megaminx12" uid="12375475" lat="43.4349815" lon="-80.5754623"/>
 <node id="8670147962" visible="true" version="1" changeset="103664909" timestamp="2021-04-27T00:21:41Z" user="Megaminx12" uid="12375475" lat="43.4349075" lon="-80.5753441"/>
 <node id="8670147963" visible="true" version="1" changeset="103664909" timestamp="2021-04-27T00:21:41Z" user="Megaminx12" uid="12375475" lat="43.4348386" lon="-80.5752073"/>
 <node id="8670147967" visible="true" version="1" changeset="103664909" timestamp="2021-04-27T00:21:41Z" user="Megaminx12" uid="12375475" lat="43.4339857" lon="-80.5742197"/>
 <node id="8670147968" visible="true" version="1" changeset="103664909" timestamp="2021-04-27T00:21:41Z" user="Megaminx12" uid="12375475" lat="43.4340488" lon="-80.5741612"/>
 <node id="8670147972" visible="true" version="1" changeset="103664909" timestamp="2021-04-27T00:21:41Z" user="Megaminx12" uid="12375475" lat="43.4333150" lon="-80.5746049"/>
 <node id="8692082921" visible="true" version="1" changeset="104017431" timestamp="2021-05-03T01:40:31Z" user="Megaminx12" uid="12375475" lat="43.4355352" lon="-80.5757579"/>
 <node id="8819245298" visible="true" version="1" changeset="106121727" timestamp="2021-06-10T01:37:54Z" user="Megaminx12" uid="12375475" lat="43.4366185" lon="-80.5764405"/>
 <node id="8819245299" visible="true" version="1" changeset="106121727" timestamp="2021-06-10T01:37:54Z" user="Megaminx12" uid="12375475" lat="43.4371593" lon="-80.5762620"/>
 <node id="8819245300" visible="true" version="1" changeset="106121727" timestamp="2021-06-10T01:37:54Z" user="Megaminx12" uid="12375475" lat="43.4372127" lon="-80.5762776"/>
 <node id="8819245301" visible="true" version="1" changeset="106121727" timestamp="2021-06-10T01:37:54Z" user="Megaminx12" uid="12375475" lat="43.4372693" lon="-80.5763355"/>
 <node id="8819245302" visible="true" version="1" changeset="106121727" timestamp="2021-06-10T01:37:54Z" user="Megaminx12" uid="12375475" lat="43.4373001" lon="-80.5764180"/>
 <node id="8819245303" visible="true" version="1" changeset="106121727" timestamp="2021-06-10T01:37:54Z" user="Megaminx12" uid="12375475" lat="43.4373147" lon="-80.5765184"/>
 <node id="8819245304" visible="true" version="1" changeset="106121727" timestamp="2021-06-10T01:37:54Z" user="Megaminx12" uid="12375475" lat="43.4373373" lon="-80.5765986"/>
 <node id="8819245305" visible="true" version="1" changeset="106121727" timestamp="2021-06-10T01:37:54Z" user="Megaminx12" uid="12375475" lat="43.4373713" lon="-80.5766388"/>
 <node id="8819245306" visible="true" version="1" changeset="106121727" timestamp="2021-06-10T01:37:54Z" user="Megaminx12" uid="12375475" lat="43.4374037" lon="-80.5766076"/>
 <node id="8819245307" visible="true" version="1" changeset="106121727" timestamp="2021-06-10T01:37:54Z" user="Megaminx12" uid="12375475" lat="43.4374685" lon="-80.5766076"/>
 <node id="8819245308" visible="true" version="1" changeset="106121727" timestamp="2021-06-10T01:37:54Z" user="Megaminx12" uid="12375475" lat="43.4375138" lon="-80.5766499"/>
 <node id="8819245309" visible="true" version="1" changeset="106121727" timestamp="2021-06-10T01:37:54Z" user="Megaminx12" uid="12375475" lat="43.4375429" lon="-80.5767458"/>
 <node id="8819245310" visible="true" version="1" changeset="106121727" timestamp="2021-06-10T01:37:54Z" user="Megaminx12" uid="12375475" lat="43.4375381" lon="-80.5768149"/>
 <node id="8819245311" visible="true" version="1" changeset="106121727" timestamp="2021-06-10T01:37:54Z" user="Megaminx12" uid="12375475" lat="43.4375187" lon="-80.5768862"/>
 <node id="8819245312" visible="true" version="1" changeset="106121727" timestamp="2021-06-10T01:37:54Z" user="Megaminx12" uid="12375475" lat="43.4375057" lon="-80.5770111"/>
 <node id="8819245313" visible="true" version="1" changeset="106121727" timestamp="2021-06-10T01:37:54Z" user="Megaminx12" uid="12375475" lat="43.4375381" lon="-80.5770780"/>
 <node id="8819245314" visible="true" version="1" changeset="106121727" timestamp="2021-06-10T01:37:54Z" user="Megaminx12" uid="12375475" lat="43.4376320" lon="-80.5771426"/>
 <node id="8819245315" visible="true" version="1" changeset="106121727" timestamp="2021-06-10T01:37:54Z" user="Megaminx12" uid="12375475" lat="43.4376725" lon="-80.5771382"/>
 <node id="8819245316" visible="true" version="1" changeset="106121727" timestamp="2021-06-10T01:37:54Z" user="Megaminx12" uid="12375475" lat="43.4377226" lon="-80.5770802"/>
 <node id="8819245417" visible="true" version="1" changeset="106121727" timestamp="2021-06-10T01:37:54Z" user="Megaminx12" uid="12375475" lat="43.4377146" lon="-80.5770423"/>
 <node id="8819245418" visible="true" version="1" changeset="106121727" timestamp="2021-06-10T01:37:54Z" user="Megaminx12" uid="12375475" lat="43.4376838" lon="-80.5769866"/>
 <node id="8819245419" visible="true" version="1" changeset="106121727" timestamp="2021-06-10T01:37:54Z" user="Megaminx12" uid="12375475" lat="43.4376773" lon="-80.5769375"/>
 <node id="8819245420" visible="true" version="1" changeset="106121727" timestamp="2021-06-10T01:37:54Z" user="Megaminx12" uid="12375475" lat="43.4376919" lon="-80.5769063"/>
 <node id="8819245421" visible="true" version="1" changeset="106121727" timestamp="2021-06-10T01:37:54Z" user="Megaminx12" uid="12375475" lat="43.4377421" lon="-80.5768862"/>
 <node id="8819245422" visible="true" version="1" changeset="106121727" timestamp="2021-06-10T01:37:54Z" user="Megaminx12" uid="12375475" lat="43.4377939" lon="-80.5769019"/>
 <node id="8819245423" visible="true" version="1" changeset="106121727" timestamp="2021-06-10T01:37:54Z" user="Megaminx12" uid="12375475" lat="43.4378327" lon="-80.5770022"/>
 <node id="8819245424" visible="true" version="1" changeset="106121727" timestamp="2021-06-10T01:37:54Z" user="Megaminx12" uid="12375475" lat="43.4378457" lon="-80.5770646"/>
 <node id="8819245425" visible="true" version="1" changeset="106121727" timestamp="2021-06-10T01:37:54Z" user="Megaminx12" uid="12375475" lat="43.4378959" lon="-80.5771984"/>
 <node id="8819245426" visible="true" version="1" changeset="106121727" timestamp="2021-06-10T01:37:54Z" user="Megaminx12" uid="12375475" lat="43.4378473" lon="-80.5773545"/>
 <node id="8819245427" visible="true" version="1" changeset="106121727" timestamp="2021-06-10T01:37:54Z" user="Megaminx12" uid="12375475" lat="43.4378619" lon="-80.5775417"/>
 <node id="8819245428" visible="true" version="1" changeset="106121727" timestamp="2021-06-10T01:37:54Z" user="Megaminx12" uid="12375475" lat="43.4378085" lon="-80.5776688"/>
 <node id="8819245429" visible="true" version="1" changeset="106121727" timestamp="2021-06-10T01:37:54Z" user="Megaminx12" uid="12375475" lat="43.4378052" lon="-80.5777491"/>
 <node id="8819245430" visible="true" version="1" changeset="106121727" timestamp="2021-06-10T01:37:54Z" user="Megaminx12" uid="12375475" lat="43.4378263" lon="-80.5778405"/>
 <node id="8819245431" visible="true" version="1" changeset="106121727" timestamp="2021-06-10T01:37:54Z" user="Megaminx12" uid="12375475" lat="43.4378684" lon="-80.5778717"/>
 <node id="8819245432" visible="true" version="1" changeset="106121727" timestamp="2021-06-10T01:37:54Z" user="Megaminx12" uid="12375475" lat="43.4379234" lon="-80.5778940"/>
 <node id="8819245433" visible="true" version="1" changeset="106121727" timestamp="2021-06-10T01:37:54Z" user="Megaminx12" uid="12375475" lat="43.4380270" lon="-80.5779163"/>
 <node id="8819245434" visible="true" version="1" changeset="106121727" timestamp="2021-06-10T01:37:54Z" user="Megaminx12" uid="12375475" lat="43.4380885" lon="-80.5779564"/>
 <node id="8819245435" visible="true" version="1" changeset="106121727" timestamp="2021-06-10T01:37:54Z" user="Megaminx12" uid="12375475" lat="43.4381468" lon="-80.5779698"/>
 <node id="8819245436" visible="true" version="1" changeset="106121727" timestamp="2021-06-10T01:37:54Z" user="Megaminx12" uid="12375475" lat="43.4382148" lon="-80.5779431"/>
 <node id="8819245437" visible="true" version="1" changeset="106121727" timestamp="2021-06-10T01:37:54Z" user="Megaminx12" uid="12375475" lat="43.4384269" lon="-80.5779497"/>
 <node id="8819245438" visible="true" version="1" changeset="106121727" timestamp="2021-06-10T01:37:54Z" user="Megaminx12" uid="12375475" lat="43.4385127" lon="-80.5779943"/>
 <node id="8819245439" visible="true" version="1" changeset="106121727" timestamp="2021-06-10T01:37:54Z" user="Megaminx12" uid="12375475" lat="43.4385451" lon="-80.5780278"/>
 <node id="8819245440" visible="true" version="1" changeset="106121727" timestamp="2021-06-10T01:37:54Z" user="Megaminx12" uid="12375475" lat="43.4385305" lon="-80.5781014"/>
 <node id="8819245441" visible="true" version="1" changeset="106121727" timestamp="2021-06-10T01:37:54Z" user="Megaminx12" uid="12375475" lat="43.4384576" lon="-80.5782039"/>
 <node id="8819245442" visible="true" version="1" changeset="106121727" timestamp="2021-06-10T01:37:54Z" user="Megaminx12" uid="12375475" lat="43.4384641" lon="-80.5782507"/>
 <node id="8819245443" visible="true" version="1" changeset="106121727" timestamp="2021-06-10T01:37:54Z" user="Megaminx12" uid="12375475" lat="43.4385305" lon="-80.5782663"/>
 <node id="8819245444" visible="true" version="1" changeset="106121727" timestamp="2021-06-10T01:37:54Z" user="Megaminx12" uid="12375475" lat="43.4385888" lon="-80.5783020"/>
 <node id="8819245445" visible="true" version="1" changeset="106121727" timestamp="2021-06-10T01:37:54Z" user="Megaminx12" uid="12375475" lat="43.4386211" lon="-80.5783511"/>
 <node id="8819245446" visible="true" version="1" changeset="106121727" timestamp="2021-06-10T01:37:54Z" user="Megaminx12" uid="12375475" lat="43.4386082" lon="-80.5784246"/>
 <node id="8819245447" visible="true" version="1" changeset="106121727" timestamp="2021-06-10T01:37:54Z" user="Megaminx12" uid="12375475" lat="43.4386390" lon="-80.5785004"/>
 <node id="8819245448" visible="true" version="1" changeset="106121727" timestamp="2021-06-10T01:37:54Z" user="Megaminx12" uid="12375475" lat="43.4387118" lon="-80.5785428"/>
 <node id="8819245449" visible="true" version="1" changeset="106121727" timestamp="2021-06-10T01:37:54Z" user="Megaminx12" uid="12375475" lat="43.4387604" lon="-80.5785473"/>
 <node id="8819245450" visible="true" version="1" changeset="106121727" timestamp="2021-06-10T01:37:54Z" user="Megaminx12" uid="12375475" lat="43.4387377" lon="-80.5784514"/>
 <node id="8819245451" visible="true" version="1" changeset="106121727" timestamp="2021-06-10T01:37:54Z" user="Megaminx12" uid="12375475" lat="43.4387604" lon="-80.5784135"/>
 <node id="8819245452" visible="true" version="1" changeset="106121727" timestamp="2021-06-10T01:37:54Z" user="Megaminx12" uid="12375475" lat="43.4387992" lon="-80.5784336"/>
 <node id="8819245453" visible="true" version="1" changeset="106121727" timestamp="2021-06-10T01:37:54Z" user="Megaminx12" uid="12375475" lat="43.4388219" lon="-80.5784313"/>
 <node id="8819245454" visible="true" version="1" changeset="106121727" timestamp="2021-06-10T01:37:54Z" user="Megaminx12" uid="12375475" lat="43.4388122" lon="-80.5783867"/>
 <node id="8819245455" visible="true" version="1" changeset="106121727" timestamp="2021-06-10T01:37:54Z" user="Megaminx12" uid="12375475" lat="43.4387685" lon="-80.5783533"/>
 <node id="8819245456" visible="true" version="1" changeset="106121727" timestamp="2021-06-10T01:37:54Z" user="Megaminx12" uid="12375475" lat="43.4387507" lon="-80.5782976"/>
 <node id="8819245457" visible="true" version="1" changeset="106121727" timestamp="2021-06-10T01:37:54Z" user="Megaminx12" uid="12375475" lat="43.4387830" lon="-80.5782886"/>
 <node id="8819245458" visible="true" version="1" changeset="106121727" timestamp="2021-06-10T01:37:54Z" user="Megaminx12" uid="12375475" lat="43.4387976" lon="-80.5783176"/>
 <node id="8819245459" visible="true" version="1" changeset="106121727" timestamp="2021-06-10T01:37:54Z" user="Megaminx12" uid="12375475" lat="43.4388559" lon="-80.5783444"/>
 <node id="8819245460" visible="true" version="1" changeset="106121727" timestamp="2021-06-10T01:37:54Z" user="Megaminx12" uid="12375475" lat="43.4389158" lon="-80.5784113"/>
 <node id="8819245461" visible="true" version="1" changeset="106121727" timestamp="2021-06-10T01:37:54Z" user="Megaminx12" uid="12375475" lat="43.4389984" lon="-80.5785852"/>
 <node id="8819245462" visible="true" version="1" changeset="106121727" timestamp="2021-06-10T01:37:54Z" user="Megaminx12" uid="12375475" lat="43.4390518" lon="-80.5786565"/>
 <node id="8819245463" visible="true" version="1" changeset="106121727" timestamp="2021-06-10T01:37:54Z" user="Megaminx12" uid="12375475" lat="43.4390825" lon="-80.5787524"/>
 <node id="8819245464" visible="true" version="1" changeset="106121727" timestamp="2021-06-10T01:37:54Z" user="Megaminx12" uid="12375475" lat="43.4390680" lon="-80.5788527"/>
 <node id="8819245465" visible="true" version="1" changeset="106121727" timestamp="2021-06-10T01:37:54Z" user="Megaminx12" uid="12375475" lat="43.4390210" lon="-80.5788839"/>
 <node id="8819245466" visible="true" version="1" changeset="106121727" timestamp="2021-06-10T01:37:54Z" user="Megaminx12" uid="12375475" lat="43.4389773" lon="-80.5788661"/>
 <node id="8819245467" visible="true" version="1" changeset="106121727" timestamp="2021-06-10T01:37:54Z" user="Megaminx12" uid="12375475" lat="43.4389725" lon="-80.5787992"/>
 <node id="8819245468" visible="true" version="1" changeset="106121727" timestamp="2021-06-10T01:37:54Z" user="Megaminx12" uid="12375475" lat="43.4389822" lon="-80.5787613"/>
 <node id="8819245469" visible="true" version="1" changeset="106121727" timestamp="2021-06-10T01:37:54Z" user="Megaminx12" uid="12375475" lat="43.4389854" lon="-80.5786766"/>
 <node id="8819245470" visible="true" version="1" changeset="106121727" timestamp="2021-06-10T01:37:54Z" user="Megaminx12" uid="12375475" lat="43.4389368" lon="-80.5786008"/>
 <node id="8819245471" visible="true" version="1" changeset="106121727" timestamp="2021-06-10T01:37:54Z" user="Megaminx12" uid="12375475" lat="43.4388915" lon="-80.5785517"/>
 <node id="8819245472" visible="true" version="1" changeset="106121727" timestamp="2021-06-10T01:37:54Z" user="Megaminx12" uid="12375475" lat="43.4388235" lon="-80.5785584"/>
 <node id="8819245473" visible="true" version="1" changeset="106121727" timestamp="2021-06-10T01:37:54Z" user="Megaminx12" uid="12375475" lat="43.4387798" lon="-80.5785985"/>
 <node id="8819245474" visible="true" version="1" changeset="106121727" timestamp="2021-06-10T01:37:54Z" user="Megaminx12" uid="12375475" lat="43.4387814" lon="-80.5786543"/>
 <node id="8819245475" visible="true" version="1" changeset="106121727" timestamp="2021-06-10T01:37:54Z" user="Megaminx12" uid="12375475" lat="43.4388138" lon="-80.5787145"/>
 <node id="8819245476" visible="true" version="1" changeset="106121727" timestamp="2021-06-10T01:37:54Z" user="Megaminx12" uid="12375475" lat="43.4388251" lon="-80.5787769"/>
 <node id="8819245477" visible="true" version="1" changeset="106121727" timestamp="2021-06-10T01:37:54Z" user="Megaminx12" uid="12375475" lat="43.4388122" lon="-80.5788460"/>
 <node id="8819245478" visible="true" version="1" changeset="106121727" timestamp="2021-06-10T01:37:54Z" user="Megaminx12" uid="12375475" lat="43.4387701" lon="-80.5788683"/>
 <node id="8819245479" visible="true" version="1" changeset="106121727" timestamp="2021-06-10T01:37:54Z" user="Megaminx12" uid="12375475" lat="43.4387199" lon="-80.5788594"/>
 <node id="8819245480" visible="true" version="1" changeset="106121727" timestamp="2021-06-10T01:37:54Z" user="Megaminx12" uid="12375475" lat="43.4386972" lon="-80.5788349"/>
 <node id="8819245481" visible="true" version="1" changeset="106121727" timestamp="2021-06-10T01:37:54Z" user="Megaminx12" uid="12375475" lat="43.4386665" lon="-80.5787613"/>
 <node id="8819245482" visible="true" version="1" changeset="106121727" timestamp="2021-06-10T01:37:54Z" user="Megaminx12" uid="12375475" lat="43.4386211" lon="-80.5787479"/>
 <node id="8819245483" visible="true" version="1" changeset="106121727" timestamp="2021-06-10T01:37:54Z" user="Megaminx12" uid="12375475" lat="43.4385240" lon="-80.5787591"/>
 <node id="8819245484" visible="true" version="1" changeset="106121727" timestamp="2021-06-10T01:37:54Z" user="Megaminx12" uid="12375475" lat="43.4384965" lon="-80.5787390"/>
 <node id="8819245485" visible="true" version="1" changeset="106121727" timestamp="2021-06-10T01:37:54Z" user="Megaminx12" uid="12375475" lat="43.4384657" lon="-80.5786610"/>
 <node id="8819245486" visible="true" version="1" changeset="106121727" timestamp="2021-06-10T01:37:54Z" user="Megaminx12" uid="12375475" lat="43.4384269" lon="-80.5785473"/>
 <node id="8819245487" visible="true" version="1" changeset="106121727" timestamp="2021-06-10T01:37:54Z" user="Megaminx12" uid="12375475" lat="43.4383880" lon="-80.5785116"/>
 <node id="8819245488" visible="true" version="1" changeset="106121727" timestamp="2021-06-10T01:37:54Z" user="Megaminx12" uid="12375475" lat="43.4383330" lon="-80.5784068"/>
 <node id="8819245489" visible="true" version="1" changeset="106121727" timestamp="2021-06-10T01:37:54Z" user="Megaminx12" uid="12375475" lat="43.4382731" lon="-80.5784023"/>
 <node id="8819245490" visible="true" version="1" changeset="106121727" timestamp="2021-06-10T01:37:54Z" user="Megaminx12" uid="12375475" lat="43.4381776" lon="-80.5783087"/>
 <node id="8819245491" visible="true" version="1" changeset="106121727" timestamp="2021-06-10T01:37:54Z" user="Megaminx12" uid="12375475" lat="43.4381662" lon="-80.5782708"/>
 <node id="8819245492" visible="true" version="1" changeset="106121727" timestamp="2021-06-10T01:37:54Z" user="Megaminx12" uid="12375475" lat="43.4382051" lon="-80.5782797"/>
 <node id="8819245493" visible="true" version="1" changeset="106121727" timestamp="2021-06-10T01:37:54Z" user="Megaminx12" uid="12375475" lat="43.4382261" lon="-80.5782998"/>
 <node id="8819245494" visible="true" version="1" changeset="106121727" timestamp="2021-06-10T01:37:54Z" user="Megaminx12" uid="12375475" lat="43.4382537" lon="-80.5782909"/>
 <node id="8819245495" visible="true" version="1" changeset="106121727" timestamp="2021-06-10T01:37:54Z" user="Megaminx12" uid="12375475" lat="43.4382261" lon="-80.5782151"/>
 <node id="8819245496" visible="true" version="1" changeset="106121727" timestamp="2021-06-10T01:37:54Z" user="Megaminx12" uid="12375475" lat="43.4381452" lon="-80.5781571"/>
 <node id="8819245497" visible="true" version="1" changeset="106121727" timestamp="2021-06-10T01:37:54Z" user="Megaminx12" uid="12375475" lat="43.4380821" lon="-80.5781415"/>
 <node id="8819245498" visible="true" version="1" changeset="106121727" timestamp="2021-06-10T01:37:54Z" user="Megaminx12" uid="12375475" lat="43.4380286" lon="-80.5781103"/>
 <node id="8819245499" visible="true" version="1" changeset="106121727" timestamp="2021-06-10T01:37:54Z" user="Megaminx12" uid="12375475" lat="43.4379202" lon="-80.5780880"/>
 <node id="8819245500" visible="true" version="1" changeset="106121727" timestamp="2021-06-10T01:37:54Z" user="Megaminx12" uid="12375475" lat="43.4378505" lon="-80.5781058"/>
 <node id="8819245501" visible="true" version="1" changeset="106121727" timestamp="2021-06-10T01:37:54Z" user="Megaminx12" uid="12375475" lat="43.4377955" lon="-80.5780813"/>
 <node id="8819245502" visible="true" version="1" changeset="106121727" timestamp="2021-06-10T01:37:54Z" user="Megaminx12" uid="12375475" lat="43.4377388" lon="-80.5779854"/>
 <node id="8819245503" visible="true" version="1" changeset="106121727" timestamp="2021-06-10T01:37:54Z" user="Megaminx12" uid="12375475" lat="43.4377178" lon="-80.5779431"/>
 <node id="8819245504" visible="true" version="1" changeset="106121727" timestamp="2021-06-10T01:37:54Z" user="Megaminx12" uid="12375475" lat="43.4376854" lon="-80.5779074"/>
 <node id="8819245505" visible="true" version="1" changeset="106121727" timestamp="2021-06-10T01:37:54Z" user="Megaminx12" uid="12375475" lat="43.4376773" lon="-80.5778316"/>
 <node id="8819245506" visible="true" version="1" changeset="106121727" timestamp="2021-06-10T01:37:54Z" user="Megaminx12" uid="12375475" lat="43.4376644" lon="-80.5777580"/>
 <node id="8819245507" visible="true" version="1" changeset="106121727" timestamp="2021-06-10T01:37:54Z" user="Megaminx12" uid="12375475" lat="43.4376708" lon="-80.5776354"/>
 <node id="8819245508" visible="true" version="1" changeset="106121727" timestamp="2021-06-10T01:37:54Z" user="Megaminx12" uid="12375475" lat="43.4376514" lon="-80.5775886"/>
 <node id="8819245509" visible="true" version="1" changeset="106121727" timestamp="2021-06-10T01:37:54Z" user="Megaminx12" uid="12375475" lat="43.4376174" lon="-80.5775618"/>
 <node id="8819245510" visible="true" version="1" changeset="106121727" timestamp="2021-06-10T01:37:54Z" user="Megaminx12" uid="12375475" lat="43.4375931" lon="-80.5775507"/>
 <node id="8819245511" visible="true" version="1" changeset="106121727" timestamp="2021-06-10T01:37:54Z" user="Megaminx12" uid="12375475" lat="43.4375737" lon="-80.5774860"/>
 <node id="8819245512" visible="true" version="1" changeset="106121727" timestamp="2021-06-10T01:37:54Z" user="Megaminx12" uid="12375475" lat="43.4374944" lon="-80.5773901"/>
 <node id="8819245513" visible="true" version="1" changeset="106121727" timestamp="2021-06-10T01:37:54Z" user="Megaminx12" uid="12375475" lat="43.4374426" lon="-80.5773344"/>
 <node id="8819245514" visible="true" version="1" changeset="106121727" timestamp="2021-06-10T01:37:54Z" user="Megaminx12" uid="12375475" lat="43.4373875" lon="-80.5773455"/>
 <node id="8819245515" visible="true" version="1" changeset="106121727" timestamp="2021-06-10T01:37:54Z" user="Megaminx12" uid="12375475" lat="43.4372969" lon="-80.5772385"/>
 <node id="8819245516" visible="true" version="1" changeset="106121727" timestamp="2021-06-10T01:37:54Z" user="Megaminx12" uid="12375475" lat="43.4372693" lon="-80.5772073"/>
 <node id="8819245517" visible="true" version="1" changeset="106121727" timestamp="2021-06-10T01:37:54Z" user="Megaminx12" uid="12375475" lat="43.4371868" lon="-80.5771850"/>
 <node id="8819245518" visible="true" version="1" changeset="106121727" timestamp="2021-06-10T01:37:54Z" user="Megaminx12" uid="12375475" lat="43.4371317" lon="-80.5770981"/>
 <node id="8819245519" visible="true" version="1" changeset="106121727" timestamp="2021-06-10T01:37:54Z" user="Megaminx12" uid="12375475" lat="43.4370767" lon="-80.5770891"/>
 <node id="8819245520" visible="true" version="1" changeset="106121727" timestamp="2021-06-10T01:37:54Z" user="Megaminx12" uid="12375475" lat="43.4370476" lon="-80.5769866"/>
 <node id="8819245521" visible="true" version="1" changeset="106121727" timestamp="2021-06-10T01:37:54Z" user="Megaminx12" uid="12375475" lat="43.4370621" lon="-80.5769509"/>
 <node id="8819245522" visible="true" version="1" changeset="106121727" timestamp="2021-06-10T01:37:54Z" user="Megaminx12" uid="12375475" lat="43.4371155" lon="-80.5769085"/>
 <node id="8819245523" visible="true" version="1" changeset="106121727" timestamp="2021-06-10T01:37:54Z" user="Megaminx12" uid="12375475" lat="43.4371884" lon="-80.5769331"/>
 <node id="8819245524" visible="true" version="1" changeset="106121727" timestamp="2021-06-10T01:37:54Z" user="Megaminx12" uid="12375475" lat="43.4372386" lon="-80.5769286"/>
 <node id="8819245525" visible="true" version="1" changeset="106121727" timestamp="2021-06-10T01:37:54Z" user="Megaminx12" uid="12375475" lat="43.4372645" lon="-80.5768773"/>
 <node id="8819245526" visible="true" version="1" changeset="106121727" timestamp="2021-06-10T01:37:54Z" user="Megaminx12" uid="12375475" lat="43.4372321" lon="-80.5768171"/>
 <node id="8819245527" visible="true" version="1" changeset="106121727" timestamp="2021-06-10T01:37:54Z" user="Megaminx12" uid="12375475" lat="43.4371593" lon="-80.5767302"/>
 <node id="8819245528" visible="true" version="1" changeset="106121727" timestamp="2021-06-10T01:37:54Z" user="Megaminx12" uid="12375475" lat="43.4371220" lon="-80.5766499"/>
 <node id="8819245529" visible="true" version="1" changeset="106121727" timestamp="2021-06-10T01:37:54Z" user="Megaminx12" uid="12375475" lat="43.4370848" lon="-80.5766187"/>
 <node id="8819245530" visible="true" version="1" changeset="106121727" timestamp="2021-06-10T01:37:54Z" user="Megaminx12" uid="12375475" lat="43.4370702" lon="-80.5765407"/>
 <node id="8819245531" visible="true" version="1" changeset="106121727" timestamp="2021-06-10T01:37:54Z" user="Megaminx12" uid="12375475" lat="43.4370362" lon="-80.5764738"/>
 <node id="8819245532" visible="true" version="1" changeset="106121727" timestamp="2021-06-10T01:37:54Z" user="Megaminx12" uid="12375475" lat="43.4369787" lon="-80.5764563"/>
 <node id="8819245533" visible="true" version="1" changeset="106121727" timestamp="2021-06-10T01:37:54Z" user="Megaminx12" uid="12375475" lat="43.4369435" lon="-80.5764239"/>
 <node id="8819245534" visible="true" version="1" changeset="106121727" timestamp="2021-06-10T01:37:54Z" user="Megaminx12" uid="12375475" lat="43.4369179" lon="-80.5764239"/>
 <node id="8819245535" visible="true" version="1" changeset="106121727" timestamp="2021-06-10T01:37:54Z" user="Megaminx12" uid="12375475" lat="43.4368377" lon="-80.5764151"/>
 <node id="8819245536" visible="true" version="1" changeset="106121727" timestamp="2021-06-10T01:37:54Z" user="Megaminx12" uid="12375475" lat="43.4367715" lon="-80.5763180"/>
 <node id="8819245537" visible="true" version="1" changeset="106121727" timestamp="2021-06-10T01:37:54Z" user="Megaminx12" uid="12375475" lat="43.4367181" lon="-80.5762415"/>
 <node id="8819245538" visible="true" version="1" changeset="106121727" timestamp="2021-06-10T01:37:54Z" user="Megaminx12" uid="12375475" lat="43.4367053" lon="-80.5761592"/>
 <node id="8819245539" visible="true" version="1" changeset="106121727" timestamp="2021-06-10T01:37:54Z" user="Megaminx12" uid="12375475" lat="43.4366957" lon="-80.5760709"/>
 <node id="8819245540" visible="true" version="1" changeset="106121727" timestamp="2021-06-10T01:37:54Z" user="Megaminx12" uid="12375475" lat="43.4366604" lon="-80.5760429"/>
 <node id="8819245541" visible="true" version="1" changeset="106121727" timestamp="2021-06-10T01:37:54Z" user="Megaminx12" uid="12375475" lat="43.4366220" lon="-80.5760121"/>
 <node id="8819245542" visible="true" version="1" changeset="106121727" timestamp="2021-06-10T01:37:54Z" user="Megaminx12" uid="12375475" lat="43.4365996" lon="-80.5760179"/>
 <node id="8819245543" visible="true" version="1" changeset="106121727" timestamp="2021-06-10T01:37:54Z" user="Megaminx12" uid="12375475" lat="43.4365675" lon="-80.5760606"/>
 <node id="8819245544" visible="true" version="1" changeset="106121727" timestamp="2021-06-10T01:37:54Z" user="Megaminx12" uid="12375475" lat="43.4365793" lon="-80.5761386"/>
 <node id="8819245545" visible="true" version="1" changeset="106121727" timestamp="2021-06-10T01:37:54Z" user="Megaminx12" uid="12375475" lat="43.4365899" lon="-80.5761694"/>
 <node id="8819245546" visible="true" version="1" changeset="106121727" timestamp="2021-06-10T01:37:54Z" user="Megaminx12" uid="12375475" lat="43.4365686" lon="-80.5762298"/>
 <node id="8819245547" visible="true" version="1" changeset="106121727" timestamp="2021-06-10T01:37:54Z" user="Megaminx12" uid="12375475" lat="43.4365739" lon="-80.5763092"/>
 <node id="8819245548" visible="true" version="1" changeset="106121727" timestamp="2021-06-10T01:37:54Z" user="Megaminx12" uid="12375475" lat="43.4365572" lon="-80.5763960"/>
 <node id="10261421637" visible="true" version="1" changeset="130053503" timestamp="2022-12-13T23:24:20Z" user="Megaminx12" uid="12375475" lat="43.4366078" lon="-80.5765403"/>
 <node id="10261421638" visible="true" version="1" changeset="130053503" timestamp="2022-12-13T23:24:20Z" user="Megaminx12" uid="12375475" lat="43.4366514" lon="-80.5767448"/>
 <node id="10261421639" visible="true" version="1" changeset="130053503" timestamp="2022-12-13T23:24:20Z" user="Megaminx12" uid="12375475" lat="43.4366433" lon="-80.5769160"/>
 <node id="10261421640" visible="true" version="1" changeset="130053503" timestamp="2022-12-13T23:24:20Z" user="Megaminx12" uid="12375475" lat="43.4365723" lon="-80.5769849"/>
 <node id="10261421641" visible="true" version="1" changeset="130053503" timestamp="2022-12-13T23:24:20Z" user="Megaminx12" uid="12375475" lat="43.4365158" lon="-80.5771117"/>
 <node id="10261421642" visible="true" version="1" changeset="130053503" timestamp="2022-12-13T23:24:20Z" user="Megaminx12" uid="12375475" lat="43.4365174" lon="-80.5773162"/>
 <node id="10261421643" visible="true" version="1" changeset="130053503" timestamp="2022-12-13T23:24:20Z" user="Megaminx12" uid="12375475" lat="43.4365836" lon="-80.5774251"/>
 <node id="10261421644" visible="true" version="1" changeset="130053503" timestamp="2022-12-13T23:24:20Z" user="Megaminx12" uid="12375475" lat="43.4365981" lon="-80.5773851"/>
 <node id="10261421645" visible="true" version="1" changeset="130053503" timestamp="2022-12-13T23:24:20Z" user="Megaminx12" uid="12375475" lat="43.4367014" lon="-80.5773540"/>
 <node id="10261421646" visible="true" version="1" changeset="130053503" timestamp="2022-12-13T23:24:20Z" user="Megaminx12" uid="12375475" lat="43.4367676" lon="-80.5774273"/>
 <node id="10261421647" visible="true" version="1" changeset="130053503" timestamp="2022-12-13T23:24:20Z" user="Megaminx12" uid="12375475" lat="43.4368160" lon="-80.5775629"/>
 <node id="10261421648" visible="true" version="1" changeset="130053503" timestamp="2022-12-13T23:24:20Z" user="Megaminx12" uid="12375475" lat="43.4369371" lon="-80.5776963"/>
 <node id="10261421649" visible="true" version="1" changeset="130053503" timestamp="2022-12-13T23:24:20Z" user="Megaminx12" uid="12375475" lat="43.4370081" lon="-80.5778075"/>
 <node id="10261421650" visible="true" version="1" changeset="130053503" timestamp="2022-12-13T23:24:20Z" user="Megaminx12" uid="12375475" lat="43.4370017" lon="-80.5779364"/>
 <node id="10261421651" visible="true" version="1" changeset="130053503" timestamp="2022-12-13T23:24:20Z" user="Megaminx12" uid="12375475" lat="43.4369048" lon="-80.5778786"/>
 <node id="10261421652" visible="true" version="1" changeset="130053503" timestamp="2022-12-13T23:24:20Z" user="Megaminx12" uid="12375475" lat="43.4367854" lon="-80.5777163"/>
 <node id="10261421653" visible="true" version="1" changeset="130053503" timestamp="2022-12-13T23:24:20Z" user="Megaminx12" uid="12375475" lat="43.4366659" lon="-80.5776563"/>
 <node id="10261421654" visible="true" version="1" changeset="130053503" timestamp="2022-12-13T23:24:20Z" user="Megaminx12" uid="12375475" lat="43.4365319" lon="-80.5775118"/>
 <node id="10261421655" visible="true" version="1" changeset="130053503" timestamp="2022-12-13T23:24:20Z" user="Megaminx12" uid="12375475" lat="43.4364916" lon="-80.5773473"/>
 <node id="10261421656" visible="true" version="1" changeset="130053503" timestamp="2022-12-13T23:24:20Z" user="Megaminx12" uid="12375475" lat="43.4364803" lon="-80.5771517"/>
 <node id="10261421657" visible="true" version="1" changeset="130053503" timestamp="2022-12-13T23:24:20Z" user="Megaminx12" uid="12375475" lat="43.4365465" lon="-80.5769605"/>
 <node id="10261421658" visible="true" version="1" changeset="130053503" timestamp="2022-12-13T23:24:20Z" user="Megaminx12" uid="12375475" lat="43.4366126" lon="-80.5769116"/>
 <node id="10261421659" visible="true" version="1" changeset="130053503" timestamp="2022-12-13T23:24:20Z" user="Megaminx12" uid="12375475" lat="43.4366239" lon="-80.5767937"/>
 <node id="10261421660" visible="true" version="1" changeset="130053503" timestamp="2022-12-13T23:24:20Z" user="Megaminx12" uid="12375475" lat="43.4366126" lon="-80.5766537"/>
 <node id="10261421661" visible="true" version="1" changeset="130053503" timestamp="2022-12-13T23:24:20Z" user="Megaminx12" uid="12375475" lat="43.4365707" lon="-80.5765470"/>
 <node id="10945625028" visible="true" version="1" changeset="136852660" timestamp="2023-06-02T05:17:25Z" user="jtracey" uid="1450048" lat="43.4359181" lon="-80.5806376"/>
 <node id="10945625029" visible="true" version="1" changeset="136852660" timestamp="2023-06-02T05:17:25Z" user="jtracey" uid="1450048" lat="43.4359780" lon="-80.5806470"/>
 <node id="10945625030" visible="true" version="1" changeset="136852660" timestamp="2023-06-02T05:17:25Z" user="jtracey" uid="1450048" lat="43.4359839" lon="-80.5805755"/>
 <node id="10945625031" visible="true" version="1" changeset="136852660" timestamp="2023-06-02T05:17:25Z" user="jtracey" uid="1450048" lat="43.4359240" lon="-80.5805661"/>
 <node id="10945625032" visible="true" version="1" changeset="136852660" timestamp="2023-06-02T05:17:25Z" user="jtracey" uid="1450048" lat="43.4347818" lon="-80.5790317"/>
 <node id="10945625033" visible="true" version="1" changeset="136852660" timestamp="2023-06-02T05:17:25Z" user="jtracey" uid="1450048" lat="43.4347248" lon="-80.5788513"/>
 <node id="10945625034" visible="true" version="1" changeset="136852660" timestamp="2023-06-02T05:17:25Z" user="jtracey" uid="1450048" lat="43.4347894" lon="-80.5788126"/>
 <node id="10945625035" visible="true" version="1" changeset="136852660" timestamp="2023-06-02T05:17:25Z" user="jtracey" uid="1450048" lat="43.4348464" lon="-80.5789930"/>
 <node id="10945625036" visible="true" version="1" changeset="136852660" timestamp="2023-06-02T05:17:25Z" user="jtracey" uid="1450048" lat="43.4348962" lon="-80.5791481"/>
 <node id="10945625037" visible="true" version="1" changeset="136852660" timestamp="2023-06-02T05:17:25Z" user="jtracey" uid="1450048" lat="43.4348490" lon="-80.5790033"/>
 <node id="10945625038" visible="true" version="1" changeset="136852660" timestamp="2023-06-02T05:17:25Z" user="jtracey" uid="1450048" lat="43.4347963" lon="-80.5790359"/>
 <node id="10945625039" visible="true" version="1" changeset="136852660" timestamp="2023-06-02T05:17:25Z" user="jtracey" uid="1450048" lat="43.4348435" lon="-80.5791807"/>
 <node id="10945625040" visible="true" version="1" changeset="136852660" timestamp="2023-06-02T05:17:25Z" user="jtracey" uid="1450048" lat="43.4352961" lon="-80.5793948"/>
 <node id="10945625041" visible="true" version="1" changeset="136852660" timestamp="2023-06-02T05:17:25Z" user="jtracey" uid="1450048" lat="43.4353061" lon="-80.5792592"/>
 <node id="10945625042" visible="true" version="1" changeset="136852660" timestamp="2023-06-02T05:17:25Z" user="jtracey" uid="1450048" lat="43.4352128" lon="-80.5792462"/>
 <node id="10945625043" visible="true" version="1" changeset="136852660" timestamp="2023-06-02T05:17:25Z" user="jtracey" uid="1450048" lat="43.4352028" lon="-80.5793819"/>
 <node id="10945625044" visible="true" version="1" changeset="136852660" timestamp="2023-06-02T05:17:25Z" user="jtracey" uid="1450048" lat="43.4355108" lon="-80.5800475"/>
 <node id="10945625045" visible="true" version="1" changeset="136852660" timestamp="2023-06-02T05:17:25Z" user="jtracey" uid="1450048" lat="43.4356622" lon="-80.5800686"/>
 <node id="10945625046" visible="true" version="1" changeset="136852660" timestamp="2023-06-02T05:17:25Z" user="jtracey" uid="1450048" lat="43.4358666" lon="-80.5800857"/>
 <node id="10945625047" visible="true" version="1" changeset="136852660" timestamp="2023-06-02T05:17:25Z" user="jtracey" uid="1450048" lat="43.4358600" lon="-80.5801764"/>
 <node id="10945625048" visible="true" version="1" changeset="136852660" timestamp="2023-06-02T05:17:25Z" user="jtracey" uid="1450048" lat="43.4358032" lon="-80.5800769"/>
 <node id="10945625049" visible="true" version="1" changeset="136852660" timestamp="2023-06-02T05:17:25Z" user="jtracey" uid="1450048" lat="43.4357966" lon="-80.5801676"/>
 <node id="10945625050" visible="true" version="1" changeset="136852660" timestamp="2023-06-02T05:17:25Z" user="jtracey" uid="1450048" lat="43.4356642" lon="-80.5800409"/>
 <node id="10945625051" visible="true" version="1" changeset="136852660" timestamp="2023-06-02T05:17:25Z" user="jtracey" uid="1450048" lat="43.4355042" lon="-80.5801367"/>
 <node id="10945625052" visible="true" version="1" changeset="136852660" timestamp="2023-06-02T05:17:25Z" user="jtracey" uid="1450048" lat="43.4357959" lon="-80.5801772"/>
 <node id="10945625053" visible="true" version="1" changeset="136852660" timestamp="2023-06-02T05:17:25Z" user="jtracey" uid="1450048" lat="43.4358044" lon="-80.5800604"/>
 <node id="10945625054" visible="true" version="1" changeset="136852660" timestamp="2023-06-02T05:17:25Z" user="jtracey" uid="1450048" lat="43.4362358" lon="-80.5798816"/>
 <node id="10945625055" visible="true" version="1" changeset="136852660" timestamp="2023-06-02T05:17:25Z" user="jtracey" uid="1450048" lat="43.4362332" lon="-80.5799177"/>
 <node id="10945625056" visible="true" version="1" changeset="136852660" timestamp="2023-06-02T05:17:25Z" user="jtracey" uid="1450048" lat="43.4362612" lon="-80.5799215"/>
 <node id="10945625057" visible="true" version="1" changeset="136852660" timestamp="2023-06-02T05:17:25Z" user="jtracey" uid="1450048" lat="43.4362638" lon="-80.5798855"/>
 <node id="10945625058" visible="true" version="1" changeset="136852660" timestamp="2023-06-02T05:17:25Z" user="jtracey" uid="1450048" lat="43.4364942" lon="-80.5799352"/>
 <node id="10945625059" visible="true" version="1" changeset="136852660" timestamp="2023-06-02T05:17:25Z" user="jtracey" uid="1450048" lat="43.4364873" lon="-80.5800296"/>
 <node id="10945625060" visible="true" version="1" changeset="136852660" timestamp="2023-06-02T05:17:25Z" user="jtracey" uid="1450048" lat="43.4364234" lon="-80.5800208"/>
 <node id="10945625061" visible="true" version="1" changeset="136852660" timestamp="2023-06-02T05:17:25Z" user="jtracey" uid="1450048" lat="43.4364304" lon="-80.5799264"/>
 <node id="10945625062" visible="true" version="1" changeset="136852660" timestamp="2023-06-02T05:17:25Z" user="jtracey" uid="1450048" lat="43.4363503" lon="-80.5803929"/>
 <node id="10945625063" visible="true" version="1" changeset="136852660" timestamp="2023-06-02T05:17:25Z" user="jtracey" uid="1450048" lat="43.4362561" lon="-80.5800558"/>
 <node id="10945625064" visible="true" version="1" changeset="136852660" timestamp="2023-06-02T05:17:25Z" user="jtracey" uid="1450048" lat="43.4362326" lon="-80.5803766"/>
 <node id="10945625065" visible="true" version="1" changeset="136852660" timestamp="2023-06-02T05:17:25Z" user="jtracey" uid="1450048" lat="43.4363809" lon="-80.5804209"/>
 <node id="10945625066" visible="true" version="1" changeset="136852660" timestamp="2023-06-02T05:17:25Z" user="jtracey" uid="1450048" lat="43.4364615" lon="-80.5804321"/>
 <node id="10945625067" visible="true" version="1" changeset="136852660" timestamp="2023-06-02T05:17:25Z" user="jtracey" uid="1450048" lat="43.4363881" lon="-80.5803216"/>
 <node id="10945625068" visible="true" version="1" changeset="136852660" timestamp="2023-06-02T05:17:25Z" user="jtracey" uid="1450048" lat="43.4364687" lon="-80.5803328"/>
 <node id="10945625069" visible="true" version="1" changeset="136852660" timestamp="2023-06-02T05:17:25Z" user="jtracey" uid="1450048" lat="43.4369651" lon="-80.5804312"/>
 <node id="10945625070" visible="true" version="1" changeset="136852660" timestamp="2023-06-02T05:17:25Z" user="jtracey" uid="1450048" lat="43.4371788" lon="-80.5803969"/>
 <node id="10945625071" visible="true" version="1" changeset="136852660" timestamp="2023-06-02T05:17:25Z" user="jtracey" uid="1450048" lat="43.4369680" lon="-80.5804651"/>
 <node id="10945625072" visible="true" version="1" changeset="136852660" timestamp="2023-06-02T05:17:25Z" user="jtracey" uid="1450048" lat="43.4371817" lon="-80.5804308"/>
 <node id="10945625073" visible="true" version="1" changeset="136852660" timestamp="2023-06-02T05:17:25Z" user="jtracey" uid="1450048" lat="43.4371968" lon="-80.5805815"/>
 <node id="10945625074" visible="true" version="1" changeset="136852660" timestamp="2023-06-02T05:17:25Z" user="jtracey" uid="1450048" lat="43.4372848" lon="-80.5806178"/>
 <node id="10945625075" visible="true" version="1" changeset="136852660" timestamp="2023-06-02T05:17:25Z" user="jtracey" uid="1450048" lat="43.4372996" lon="-80.5807931"/>
 <node id="10945625076" visible="true" version="1" changeset="136852660" timestamp="2023-06-02T05:17:25Z" user="jtracey" uid="1450048" lat="43.4372340" lon="-80.5808037"/>
 <node id="10945625077" visible="true" version="1" changeset="136852660" timestamp="2023-06-02T05:17:25Z" user="jtracey" uid="1450048" lat="43.4372010" lon="-80.5806312"/>
 <node id="10945625078" visible="true" version="1" changeset="136852660" timestamp="2023-06-02T05:17:25Z" user="jtracey" uid="1450048" lat="43.4372150" lon="-80.5805786"/>
 <node id="10945625079" visible="true" version="1" changeset="136852660" timestamp="2023-06-02T05:17:25Z" user="jtracey" uid="1450048" lat="43.4370114" lon="-80.5806982"/>
 <node id="10945625080" visible="true" version="1" changeset="136852660" timestamp="2023-06-02T05:17:25Z" user="jtracey" uid="1450048" lat="43.4370042" lon="-80.5806128"/>
 <node id="10945625081" visible="true" version="1" changeset="136852660" timestamp="2023-06-02T05:17:25Z" user="jtracey" uid="1450048" lat="43.4369794" lon="-80.5807033"/>
 <node id="10945625082" visible="true" version="1" changeset="136852660" timestamp="2023-06-02T05:17:25Z" user="jtracey" uid="1450048" lat="43.4369624" lon="-80.5806195"/>
 <node id="10945625083" visible="true" version="1" changeset="136852660" timestamp="2023-06-02T05:17:25Z" user="jtracey" uid="1450048" lat="43.4370458" lon="-80.5810047"/>
 <node id="10945625084" visible="true" version="1" changeset="136852660" timestamp="2023-06-02T05:17:25Z" user="jtracey" uid="1450048" lat="43.4370574" lon="-80.5811422"/>
 <node id="10945625085" visible="true" version="1" changeset="136852660" timestamp="2023-06-02T05:17:25Z" user="jtracey" uid="1450048" lat="43.4372153" lon="-80.5811169"/>
 <node id="10945625086" visible="true" version="1" changeset="136852660" timestamp="2023-06-02T05:17:25Z" user="jtracey" uid="1450048" lat="43.4372088" lon="-80.5810397"/>
 <node id="11564484813" visible="true" version="1" changeset="146826470" timestamp="2024-01-29T15:18:49Z" user="carter_oswald" uid="15916614" lat="43.4366950" lon="-80.5805954"/>
 <node id="11564484814" visible="true" version="1" changeset="146826470" timestamp="2024-01-29T15:18:49Z" user="carter_oswald" uid="15916614" lat="43.4364036" lon="-80.5809145"/>
 <node id="11564484815" visible="true" version="1" changeset="146826470" timestamp="2024-01-29T15:18:49Z" user="carter_oswald" uid="15916614" lat="43.4368067" lon="-80.5805262"/>
 <node id="11564484816" visible="true" version="1" changeset="146826470" timestamp="2024-01-29T15:18:49Z" user="carter_oswald" uid="15916614" lat="43.4362649" lon="-80.5810613"/>
 <node id="11564576387" visible="true" version="1" changeset="146826439" timestamp="2024-01-29T15:17:49Z" user="carter_oswald" uid="15916614" lat="43.4396497" lon="-80.5842085"/>
 <node id="12404213686" visible="true" version="1" changeset="160046009" timestamp="2024-12-08T05:07:17Z" user="carter_oswald" uid="15916614" lat="43.4366627" lon="-80.5779698"/>
 <node id="12404213689" visible="true" version="1" changeset="160046009" timestamp="2024-12-08T05:07:17Z" user="carter_oswald" uid="15916614" lat="43.4381935" lon="-80.5792573"/>
 <node id="12404213692" visible="true" version="1" changeset="160046009" timestamp="2024-12-08T05:07:17Z" user="carter_oswald" uid="15916614" lat="43.4373659" lon="-80.5789321"/>
 <node id="12404213693" visible="true" version="1" changeset="160046009" timestamp="2024-12-08T05:07:17Z" user="carter_oswald" uid="15916614" lat="43.4359682" lon="-80.5784272"/>
 <node id="12404213695" visible="true" version="1" changeset="160046009" timestamp="2024-12-08T05:07:17Z" user="carter_oswald" uid="15916614" lat="43.4367247" lon="-80.5781628"/>
 <node id="12404213698" visible="true" version="1" changeset="160046009" timestamp="2024-12-08T05:07:17Z" user="carter_oswald" uid="15916614" lat="43.4357386" lon="-80.5786062"/>
 <node id="12404213700" visible="true" version="1" changeset="160046009" timestamp="2024-12-08T05:07:17Z" user="carter_oswald" uid="15916614" lat="43.4361408" lon="-80.5783894"/>
 <node id="12404220403" visible="true" version="1" changeset="160046009" timestamp="2024-12-08T05:07:17Z" user="carter_oswald" uid="15916614" lat="43.4369943" lon="-80.5785792"/>
 <node id="12404220404" visible="true" version="1" changeset="160046009" timestamp="2024-12-08T05:07:17Z" user="carter_oswald" uid="15916614" lat="43.4372119" lon="-80.5787405"/>
 <node id="12404220405" visible="true" version="1" changeset="160046009" timestamp="2024-12-08T05:07:17Z" user="carter_oswald" uid="15916614" lat="43.4376317" lon="-80.5790625"/>
 <node id="12404220407" visible="true" version="1" changeset="160046009" timestamp="2024-12-08T05:07:17Z" user="carter_oswald" uid="15916614" lat="43.4363836" lon="-80.5781765"/>
 <node id="12404220410" visible="true" version="1" changeset="160046009" timestamp="2024-12-08T05:07:17Z" user="carter_oswald" uid="15916614" lat="43.4382631" lon="-80.5790547"/>
 <node id="12404220414" visible="true" version="1" changeset="160046009" timestamp="2024-12-08T05:07:17Z" user="carter_oswald" uid="15916614" lat="43.4365726" lon="-80.5775557"/>
 <node id="12404220417" visible="true" version="1" changeset="160046009" timestamp="2024-12-08T05:07:17Z" user="carter_oswald" uid="15916614" lat="43.4381944" lon="-80.5793305"/>
 <node id="12404220418" visible="true" version="1" changeset="160046009" timestamp="2024-12-08T05:07:17Z" user="carter_oswald" uid="15916614" lat="43.4358164" lon="-80.5784731"/>
 <node id="12404220420" visible="true" version="1" changeset="160046009" timestamp="2024-12-08T05:07:17Z" user="carter_oswald" uid="15916614" lat="43.4371503" lon="-80.5786859"/>
 <node id="12404220421" visible="true" version="1" changeset="160046009" timestamp="2024-12-08T05:07:17Z" user="carter_oswald" uid="15916614" lat="43.4365072" lon="-80.5781033"/>
 <node id="12404220422" visible="true" version="1" changeset="160046009" timestamp="2024-12-08T05:07:17Z" user="carter_oswald" uid="15916614" lat="43.4362597" lon="-80.5783405"/>
 <node id="12404220424" visible="true" version="1" changeset="160046009" timestamp="2024-12-08T05:07:17Z" user="carter_oswald" uid="15916614" lat="43.4374247" lon="-80.5789603"/>
 <node id="12404220425" visible="true" version="1" changeset="160046009" timestamp="2024-12-08T05:07:17Z" user="carter_oswald" uid="15916614" lat="43.4365954" lon="-80.5777268"/>
 <node id="12404220426" visible="true" version="1" changeset="160046009" timestamp="2024-12-08T05:07:17Z" user="carter_oswald" uid="15916614" lat="43.4368515" lon="-80.5783888"/>
 <node id="12404220428" visible="true" version="1" changeset="160046009" timestamp="2024-12-08T05:07:17Z" user="carter_oswald" uid="15916614" lat="43.4382562" lon="-80.5788265"/>
 <node id="12404220430" visible="true" version="1" changeset="160046009" timestamp="2024-12-08T05:07:17Z" user="carter_oswald" uid="15916614" lat="43.4382066" lon="-80.5791755"/>
 <node id="12404220432" visible="true" version="1" changeset="160046009" timestamp="2024-12-08T05:07:17Z" user="carter_oswald" uid="15916614" lat="43.4382806" lon="-80.5789735"/>
 <node id="12404220436" visible="true" version="1" changeset="160046009" timestamp="2024-12-08T05:07:17Z" user="carter_oswald" uid="15916614" lat="43.4381894" lon="-80.5787329"/>
 <node id="12404220439" visible="true" version="1" changeset="160046009" timestamp="2024-12-08T05:07:17Z" user="carter_oswald" uid="15916614" lat="43.4365942" lon="-80.5780656"/>
 <way id="43536199" visible="true" version="8" changeset="88178772" timestamp="2020-07-18T15:16:39Z" user="thampton" uid="9838062">
  <nd ref="549641071"/>
  <nd ref="549641051"/>
  <nd ref="7726722424"/>
  <nd ref="549641050"/>
  <nd ref="549641088"/>
  <nd ref="7726722406"/>
  <nd ref="7726722405"/>
  <nd ref="7726722407"/>
  <nd ref="549641085"/>
  <nd ref="549641100"/>
  <nd ref="549641087"/>
  <nd ref="549641086"/>
  <nd ref="549641099"/>
  <nd ref="549641089"/>
  <nd ref="549641094"/>
  <nd ref="479711902"/>
  <nd ref="549641097"/>
  <nd ref="479711913"/>
  <nd ref="479711882"/>
  <nd ref="549641090"/>
  <nd ref="7726722410"/>
  <nd ref="7726722417"/>
  <nd ref="7726722418"/>
  <nd ref="549641107"/>
  <nd ref="549641105"/>
  <nd ref="549641131"/>
  <nd ref="1036461466"/>
  <nd ref="1036461469"/>
  <nd ref="1036461439"/>
  <nd ref="549641103"/>
  <nd ref="1800124116"/>
  <nd ref="1800124107"/>
  <nd ref="7726722317"/>
  <nd ref="1036461401"/>
  <nd ref="7726722318"/>
  <nd ref="7726722319"/>
  <nd ref="1800124106"/>
  <nd ref="7726722320"/>
  <nd ref="1800124105"/>
  <nd ref="1036461484"/>
  <nd ref="1800124112"/>
  <nd ref="1800124113"/>
  <nd ref="549641111"/>
  <nd ref="549641109"/>
  <nd ref="549641119"/>
  <nd ref="549641120"/>
  <nd ref="549641117"/>
  <nd ref="549641122"/>
  <nd ref="549641116"/>
  <nd ref="549641114"/>
  <nd ref="549641115"/>
  <nd ref="549641124"/>
  <nd ref="1800124109"/>
  <nd ref="549641113"/>
  <nd ref="549641205"/>
  <nd ref="549641204"/>
  <nd ref="7725359302"/>
  <nd ref="549641197"/>
  <nd ref="549641190"/>
  <nd ref="549641184"/>
  <nd ref="549641188"/>
  <nd ref="7725359327"/>
  <nd ref="7725369128"/>
  <nd ref="549641183"/>
  <nd ref="7726659583"/>
  <nd ref="549641071"/>
 </way>
 <way id="152494982" visible="true" version="7" changeset="103664909" timestamp="2021-04-27T00:21:41Z" user="Megaminx12" uid="12375475">
  <nd ref="1653115630"/>
  <nd ref="8670147972"/>
  <nd ref="1653115645"/>
  <nd ref="1653115664"/>
  <nd ref="1653115687"/>
  <nd ref="1653115708"/>
  <nd ref="1653115771"/>
  <nd ref="1653115777"/>
  <nd ref="5977386362"/>
  <nd ref="1653115786"/>
  <nd ref="5977386354"/>
  <nd ref="1653115819"/>
  <nd ref="1653115835"/>
  <nd ref="1653115886"/>
  <nd ref="1653115893"/>
  <nd ref="1653115981"/>
  <nd ref="7589949751"/>
  <nd ref="1653116067"/>
  <nd ref="1653116121"/>
  <nd ref="7542447127"/>
  <nd ref="1653116396"/>
  <nd ref="7606125190"/>
  <nd ref="7606125198"/>
  <nd ref="1653116432"/>
  <nd ref="1653116523"/>
  <nd ref="1653116546"/>
  <nd ref="1653116568"/>
  <nd ref="1653116598"/>
  <nd ref="1653116663"/>
  <nd ref="1653116850"/>
  <nd ref="1653116856"/>
  <nd ref="1653116863"/>
  <nd ref="1653116927"/>
  <nd ref="1653116982"/>
  <nd ref="1653117042"/>
  <nd ref="1653117092"/>
  <nd ref="1653117107"/>
  <nd ref="1653117226"/>
  <nd ref="1653117225"/>
  <nd ref="1653117353"/>
 </way>
 <way id="172966799" visible="true" version="9" changeset="146826439" timestamp="2024-01-29T15:17:49Z" user="carter_oswald" uid="15916614">
  <nd ref="1837958808"/>
  <nd ref="1837958809"/>
  <nd ref="1837958802"/>
  <nd ref="1837958807"/>
  <nd ref="1837958815"/>
  <nd ref="1837958804"/>
  <nd ref="7726722601"/>
  <nd ref="7726722604"/>
  <nd ref="11564576387"/>
  <nd ref="1837958813"/>
  <nd ref="1837958812"/>
  <nd ref="7726722569"/>
  <nd ref="1837958810"/>
  <nd ref="1837958811"/>
  <nd ref="4688436188"/>
  <nd ref="1837958829"/>
  <nd ref="1837958831"/>
  <nd ref="480005159"/>
  <nd ref="1837958836"/>
  <nd ref="1837958827"/>
  <nd ref="1837958838"/>
  <nd ref="1837958833"/>
  <nd ref="1837958845"/>
  <nd ref="1837958841"/>
  <nd ref="1837958844"/>
  <nd ref="1837958842"/>
  <nd ref="6085425019"/>
  <nd ref="2277095671"/>
  <nd ref="1837958840"/>
  <nd ref="1837958843"/>
  <tag k="access" v="private"/>
  <tag k="highway" v="service"/>
  <tag k="name" v="Fire Tower Road"/>
  <tag k="source" v="Bing"/>
 </way>
 <way id="172967077" visible="true" version="2" changeset="136852660" timestamp="2023-06-02T05:17:25Z" user="jtracey" uid="1450048">
  <nd ref="1837960590"/>
  <nd ref="10945625082"/>
  <nd ref="10945625080"/>
  <nd ref="10945625079"/>
  <nd ref="10945625081"/>
  <nd ref="1837960591"/>
  <nd ref="10945625083"/>
  <nd ref="10945625084"/>
  <nd ref="10945625085"/>
  <nd ref="10945625086"/>
  <nd ref="1837960592"/>
  <nd ref="10945625076"/>
  <nd ref="10945625075"/>
  <nd ref="10945625074"/>
  <nd ref="10945625077"/>
  <nd ref="10945625073"/>
  <nd ref="10945625078"/>
  <nd ref="1837960578"/>
  <nd ref="10945625072"/>
  <nd ref="10945625070"/>
  <nd ref="10945625069"/>
  <nd ref="10945625071"/>
  <nd ref="1837960590"/>
  <tag k="building" v="office"/>
  <tag k="source" v="Bing"/>
 </way>
 <way id="218461909" visible="true" version="2" changeset="136852660" timestamp="2023-06-02T05:17:25Z" user="jtracey" uid="1450048">
  <nd ref="2277095763"/>
  <nd ref="10945625062"/>
  <nd ref="10945625064"/>
  <nd ref="10945625063"/>
  <nd ref="2277095665"/>
  <nd ref="2277095743"/>
  <nd ref="2277095534"/>
  <nd ref="10945625068"/>
  <nd ref="10945625066"/>
  <nd ref="10945625065"/>
  <nd ref="10945625067"/>
  <nd ref="2277095763"/>
  <tag k="building" v="yes"/>
 </way>
 <way id="218461910" visible="true" version="5" changeset="160046009" timestamp="2024-12-08T05:07:17Z" user="carter_oswald" uid="15916614">
  <nd ref="1837958842"/>
  <nd ref="11564484815"/>
  <nd ref="2277095727"/>
  <nd ref="2277095609"/>
  <nd ref="2277095538"/>
  <nd ref="2277095548"/>
  <nd ref="2277095571"/>
  <nd ref="2277095567"/>
  <nd ref="2277095720"/>
  <nd ref="2277095703"/>
  <nd ref="6919394888"/>
  <nd ref="2277095660"/>
  <nd ref="2277095650"/>
  <nd ref="12404213698"/>
  <nd ref="6085425016"/>
  <nd ref="2277095770"/>
  <nd ref="2277095772"/>
  <nd ref="1837958842"/>
  <tag k="highway" v="service"/>
  <tag k="source" v="Bing"/>
 </way>
 <way id="218461912" visible="true" version="1" changeset="15825859" timestamp="2013-04-22T15:23:08Z" user="permute" uid="158267">
  <nd ref="2277095671"/>
  <nd ref="2277095690"/>
  <nd ref="2277095653"/>
  <nd ref="2277095781"/>
  <tag k="highway" v="service"/>
  <tag k="source" v="Bing"/>
 </way>
 <way id="218461913" visible="true" version="3" changeset="88178772" timestamp="2020-07-18T15:16:39Z" user="thampton" uid="9838062">
  <nd ref="2277095580"/>
  <nd ref="549641091"/>
  <nd ref="2277095542"/>
  <nd ref="2277095587"/>
  <nd ref="2277095532"/>
  <nd ref="2277095540"/>
  <nd ref="2277095712"/>
  <nd ref="2277095641"/>
  <nd ref="2277095597"/>
  <nd ref="2277095662"/>
  <nd ref="7725369095"/>
  <nd ref="7726722421"/>
  <nd ref="7726722422"/>
  <nd ref="549641110"/>
  <nd ref="7726722420"/>
  <nd ref="2277095749"/>
  <nd ref="7726722423"/>
  <nd ref="2277095605"/>
  <nd ref="2277095580"/>
  <tag k="landuse" v="industrial"/>
  <tag k="name" v="Waterloo Region Emergency Services Training and Research Complex"/>
  <tag k="operator" v="Region of Waterloo"/>
 </way>
 <way id="286078248" visible="true" version="10" changeset="130053408" timestamp="2022-12-13T23:16:56Z" user="Megaminx12" uid="12375475">
  <nd ref="8819245548"/>
  <nd ref="8819245547"/>
  <nd ref="8819245546"/>
  <nd ref="8819245545"/>
  <nd ref="8819245544"/>
  <nd ref="8819245543"/>
  <nd ref="8819245542"/>
  <nd ref="8819245541"/>
  <nd ref="8819245540"/>
  <nd ref="8819245539"/>
  <nd ref="8819245538"/>
  <nd ref="8819245537"/>
  <nd ref="8819245536"/>
  <nd ref="8819245535"/>
  <nd ref="8819245534"/>
  <nd ref="8819245533"/>
  <nd ref="8819245532"/>
  <nd ref="8819245531"/>
  <nd ref="8819245530"/>
  <nd ref="8819245529"/>
  <nd ref="8819245528"/>
  <nd ref="8819245527"/>
  <nd ref="8819245526"/>
  <nd ref="8819245525"/>
  <nd ref="8819245524"/>
  <nd ref="8819245523"/>
  <nd ref="8819245522"/>
  <nd ref="8819245521"/>
  <nd ref="8819245520"/>
  <nd ref="8819245519"/>
  <nd ref="8819245518"/>
  <nd ref="8819245517"/>
  <nd ref="8819245516"/>
  <nd ref="8819245515"/>
  <nd ref="8819245514"/>
  <nd ref="8819245513"/>
  <nd ref="8819245512"/>
  <nd ref="8819245511"/>
  <nd ref="8819245510"/>
  <nd ref="8819245509"/>
  <nd ref="8819245508"/>
  <nd ref="8819245507"/>
  <nd ref="8819245506"/>
  <nd ref="8819245505"/>
  <nd ref="8819245504"/>
  <nd ref="8819245503"/>
  <nd ref="8819245502"/>
  <nd ref="8819245501"/>
  <nd ref="8819245500"/>
  <nd ref="8819245499"/>
  <nd ref="8819245498"/>
  <nd ref="8819245497"/>
  <nd ref="8819245496"/>
  <nd ref="8819245495"/>
  <nd ref="8819245494"/>
  <nd ref="8819245493"/>
  <nd ref="8819245492"/>
  <nd ref="8819245491"/>
  <nd ref="8819245490"/>
  <nd ref="8819245489"/>
  <nd ref="8819245488"/>
  <nd ref="8819245487"/>
  <nd ref="8819245486"/>
  <nd ref="8819245485"/>
  <nd ref="8819245484"/>
  <nd ref="8819245483"/>
  <nd ref="8819245482"/>
  <nd ref="8819245481"/>
  <nd ref="8819245480"/>
  <nd ref="8819245479"/>
  <nd ref="8819245478"/>
  <nd ref="8819245477"/>
  <nd ref="8819245476"/>
  <nd ref="8819245475"/>
  <nd ref="8819245474"/>
  <nd ref="8819245473"/>
  <nd ref="8819245472"/>
  <nd ref="8819245471"/>
  <nd ref="8819245470"/>
  <nd ref="8819245469"/>
  <nd ref="8819245468"/>
  <nd ref="8819245467"/>
  <nd ref="8819245466"/>
  <nd ref="8819245465"/>
  <nd ref="8819245464"/>
  <nd ref="8819245463"/>
  <nd ref="8819245462"/>
  <nd ref="8819245461"/>
  <nd ref="8819245460"/>
  <nd ref="8819245459"/>
  <nd ref="8819245458"/>
  <nd ref="8819245457"/>
  <nd ref="8819245456"/>
  <nd ref="8819245455"/>
  <nd ref="8819245454"/>
  <nd ref="8819245453"/>
  <nd ref="8819245452"/>
  <nd ref="8819245451"/>
  <nd ref="8819245450"/>
  <nd ref="8819245449"/>
  <nd ref="8819245448"/>
  <nd ref="8819245447"/>
  <nd ref="8819245446"/>
  <nd ref="8819245445"/>
  <nd ref="8819245444"/>
  <nd ref="8819245443"/>
  <nd ref="8819245442"/>
  <nd ref="8819245441"/>
  <nd ref="8819245440"/>
  <nd ref="8819245439"/>
  <nd ref="8819245438"/>
  <nd ref="8819245437"/>
  <nd ref="8819245436"/>
  <nd ref="8819245435"/>
  <nd ref="8819245434"/>
  <nd ref="8819245433"/>
  <nd ref="8819245432"/>
  <nd ref="8819245431"/>
  <nd ref="8819245430"/>
  <nd ref="8819245429"/>
  <nd ref="8819245428"/>
  <nd ref="8819245427"/>
  <nd ref="8819245426"/>
  <nd ref="8819245425"/>
  <nd ref="8819245424"/>
  <nd ref="8819245423"/>
  <nd ref="8819245422"/>
  <nd ref="8819245421"/>
  <nd ref="8819245420"/>
  <nd ref="8819245419"/>
  <nd ref="8819245418"/>
  <nd ref="8819245417"/>
  <nd ref="8819245316"/>
  <nd ref="8819245315"/>
  <nd ref="8819245314"/>
  <nd ref="8819245313"/>
  <nd ref="8819245312"/>
  <nd ref="8819245311"/>
  <nd ref="8819245310"/>
  <nd ref="8819245309"/>
  <nd ref="8819245308"/>
  <nd ref="8819245307"/>
  <nd ref="8819245306"/>
  <nd ref="8819245305"/>
  <nd ref="8819245304"/>
  <nd ref="8819245303"/>
  <nd ref="8819245302"/>
  <nd ref="8819245301"/>
  <nd ref="8819245300"/>
  <nd ref="8819245299"/>
  <nd ref="3715137312"/>
  <nd ref="4345305708"/>
  <nd ref="4345305713"/>
  <nd ref="3715137316"/>
  <nd ref="3715137318"/>
  <nd ref="3715137319"/>
  <nd ref="4345305715"/>
  <nd ref="3715137321"/>
  <nd ref="4345305719"/>
  <nd ref="3715138425"/>
  <nd ref="3715138428"/>
  <nd ref="3715138430"/>
  <nd ref="4345305723"/>
  <nd ref="4345305725"/>
  <nd ref="4345305724"/>
  <nd ref="3715138434"/>
  <nd ref="3715138435"/>
  <nd ref="8670147897"/>
  <nd ref="3715138436"/>
  <nd ref="3715138433"/>
  <nd ref="3715138431"/>
  <nd ref="4345305729"/>
  <nd ref="3715138437"/>
  <nd ref="3715138442"/>
  <nd ref="3715138444"/>
  <nd ref="3715138446"/>
  <nd ref="3715138448"/>
  <nd ref="4345305741"/>
  <nd ref="3715138449"/>
  <nd ref="3715138451"/>
  <nd ref="3715138455"/>
  <nd ref="3715138457"/>
  <nd ref="3715138458"/>
  <nd ref="3715138459"/>
  <nd ref="3715138460"/>
  <nd ref="3715138462"/>
  <nd ref="3715138464"/>
  <nd ref="3715138465"/>
  <nd ref="3715138468"/>
  <nd ref="3715138469"/>
  <nd ref="3715138472"/>
  <nd ref="3715138475"/>
  <nd ref="3715138484"/>
  <nd ref="4345305764"/>
  <nd ref="8670147898"/>
  <nd ref="3715138489"/>
  <nd ref="3715138493"/>
  <nd ref="8670147899"/>
  <nd ref="3715138497"/>
  <nd ref="3715138503"/>
  <nd ref="3715138510"/>
  <nd ref="3715138514"/>
  <nd ref="3715138520"/>
  <nd ref="3715138524"/>
  <nd ref="3715138532"/>
  <nd ref="3715138535"/>
  <nd ref="3715138540"/>
  <nd ref="3715138554"/>
  <nd ref="3715138561"/>
  <nd ref="3715138569"/>
  <nd ref="3715138579"/>
  <nd ref="3715138585"/>
  <nd ref="3715138589"/>
  <nd ref="3715138592"/>
  <nd ref="3715138595"/>
  <nd ref="3715138597"/>
  <nd ref="4345305819"/>
  <nd ref="3715138596"/>
  <nd ref="4345305818"/>
  <nd ref="3715138593"/>
  <nd ref="3715138591"/>
  <nd ref="4345305817"/>
  <nd ref="3715138590"/>
  <nd ref="4345305816"/>
  <nd ref="3715138588"/>
  <nd ref="4345305815"/>
  <nd ref="3715138587"/>
  <nd ref="3715138586"/>
  <nd ref="3715138577"/>
  <nd ref="3715138568"/>
  <nd ref="3715138560"/>
  <nd ref="3715138550"/>
  <nd ref="8670147900"/>
  <nd ref="3715138548"/>
  <nd ref="4345305803"/>
  <nd ref="3715138542"/>
  <nd ref="4345305801"/>
  <nd ref="8670147902"/>
  <nd ref="8670147901"/>
  <nd ref="3715138536"/>
  <nd ref="3715138531"/>
  <nd ref="4345305791"/>
  <nd ref="3715138526"/>
  <nd ref="3715138518"/>
  <nd ref="3715138513"/>
  <nd ref="3715138508"/>
  <nd ref="8670147903"/>
  <nd ref="8670147904"/>
  <nd ref="3715138504"/>
  <nd ref="3715138499"/>
  <nd ref="3715138494"/>
  <nd ref="3715138491"/>
  <nd ref="3715138485"/>
  <nd ref="8670147905"/>
  <nd ref="8670147906"/>
  <nd ref="4345305761"/>
  <nd ref="3715138477"/>
  <nd ref="3715138474"/>
  <nd ref="4345305753"/>
  <nd ref="3715138470"/>
  <nd ref="8670147907"/>
  <nd ref="3715138473"/>
  <nd ref="3715138478"/>
  <nd ref="8670147908"/>
  <nd ref="3715138487"/>
  <nd ref="8670147909"/>
  <nd ref="3715138490"/>
  <nd ref="3715138495"/>
  <nd ref="8670147910"/>
  <nd ref="3715138498"/>
  <nd ref="3715138501"/>
  <nd ref="4345305775"/>
  <nd ref="4345305781"/>
  <nd ref="4345305787"/>
  <nd ref="3715138515"/>
  <nd ref="4345305790"/>
  <nd ref="3715138519"/>
  <nd ref="8670147911"/>
  <nd ref="3715138523"/>
  <nd ref="3715138529"/>
  <nd ref="3715138533"/>
  <nd ref="8670147912"/>
  <nd ref="8670147913"/>
  <nd ref="3715138539"/>
  <nd ref="3715138546"/>
  <nd ref="4345305806"/>
  <nd ref="4345305808"/>
  <nd ref="3715138564"/>
  <nd ref="4345305811"/>
  <nd ref="3715138571"/>
  <nd ref="3715138573"/>
  <nd ref="3715138574"/>
  <nd ref="3715138570"/>
  <nd ref="3715138565"/>
  <nd ref="8670147914"/>
  <nd ref="8670147915"/>
  <nd ref="3715138558"/>
  <nd ref="3715138551"/>
  <nd ref="4345305805"/>
  <nd ref="3715138552"/>
  <nd ref="8670147916"/>
  <nd ref="3715138559"/>
  <nd ref="3715138566"/>
  <nd ref="8670147917"/>
  <nd ref="3715138578"/>
  <nd ref="8670147918"/>
  <nd ref="3715138581"/>
  <nd ref="3715138582"/>
  <nd ref="3715138580"/>
  <nd ref="3715138572"/>
  <nd ref="4345305809"/>
  <nd ref="3715138563"/>
  <nd ref="3715138556"/>
  <nd ref="8670147919"/>
  <nd ref="8670147920"/>
  <nd ref="3715138549"/>
  <nd ref="3715138544"/>
  <nd ref="3715138547"/>
  <nd ref="4345305800"/>
  <nd ref="4345305802"/>
  <nd ref="4345305804"/>
  <nd ref="4345305807"/>
  <nd ref="3715138557"/>
  <nd ref="3715138567"/>
  <nd ref="3715138575"/>
  <nd ref="4345305813"/>
  <nd ref="4345305814"/>
  <nd ref="3715138583"/>
  <nd ref="4345305812"/>
  <nd ref="3715138576"/>
  <nd ref="4345305810"/>
  <nd ref="3715138562"/>
  <nd ref="3715138553"/>
  <nd ref="3715138545"/>
  <nd ref="3715138541"/>
  <nd ref="3715138538"/>
  <nd ref="8670147921"/>
  <nd ref="4345305798"/>
  <nd ref="4345305796"/>
  <nd ref="8670147922"/>
  <nd ref="3715138537"/>
  <nd ref="3715138534"/>
  <nd ref="4345305797"/>
  <nd ref="3715138530"/>
  <nd ref="3715138527"/>
  <nd ref="8670147923"/>
  <nd ref="2897161376"/>
  <nd ref="8670147924"/>
  <nd ref="2897161377"/>
  <nd ref="4345305786"/>
  <nd ref="2897161378"/>
  <nd ref="4345305773"/>
  <nd ref="2897161379"/>
  <nd ref="2897161380"/>
  <nd ref="2897161381"/>
  <nd ref="4345305756"/>
  <nd ref="8670147925"/>
  <nd ref="8670147926"/>
  <nd ref="2897161382"/>
  <nd ref="8670147927"/>
  <nd ref="2897161383"/>
  <nd ref="2897161384"/>
  <nd ref="8670147928"/>
  <nd ref="2897161385"/>
  <nd ref="2897161386"/>
  <nd ref="2897161387"/>
  <nd ref="2897161388"/>
  <nd ref="2897161389"/>
  <nd ref="4345305738"/>
  <nd ref="2897161390"/>
  <nd ref="4345305734"/>
  <nd ref="4345305732"/>
  <nd ref="4345305730"/>
  <nd ref="4345305731"/>
  <nd ref="2897161391"/>
  <nd ref="2897161392"/>
  <nd ref="2897161393"/>
  <nd ref="2897161394"/>
  <nd ref="4345305716"/>
  <nd ref="4345305714"/>
  <nd ref="4345305712"/>
  <nd ref="4345305707"/>
  <nd ref="2897161395"/>
  <nd ref="2897161396"/>
  <nd ref="4345305702"/>
  <nd ref="2897161397"/>
  <nd ref="2897161398"/>
  <nd ref="4345305697"/>
  <nd ref="8670147929"/>
  <nd ref="4345305696"/>
  <nd ref="8670147930"/>
  <nd ref="2897161399"/>
  <nd ref="4345305699"/>
  <nd ref="2897161400"/>
  <nd ref="2897166101"/>
  <nd ref="2897166102"/>
  <nd ref="8670147933"/>
  <nd ref="8670147932"/>
  <nd ref="8670147931"/>
  <nd ref="8670147935"/>
  <nd ref="8670147934"/>
  <nd ref="8670147937"/>
  <nd ref="8670147936"/>
  <nd ref="8819245298"/>
  <nd ref="2277095696"/>
  <tag k="access" v="yes"/>
  <tag k="bicycle" v="designated"/>
  <tag k="foot" v="yes"/>
  <tag k="highway" v="path"/>
  <tag k="horse" v="no"/>
  <tag k="motor_vehicle" v="no"/>
  <tag k="mtb:scale:imba" v="3"/>
  <tag k="name" v="Frankenstein ◆"/>
  <tag k="oneway" v="yes"/>
  <tag k="source" v="Site survey (2021-Apr)"/>
  <tag k="width" v="0.5"/>
 </way>
 <way id="286078250" visible="true" version="12" changeset="130053408" timestamp="2022-12-13T23:16:56Z" user="Megaminx12" uid="12375475">
  <nd ref="2277095696"/>
  <nd ref="8670147938"/>
  <nd ref="8670147939"/>
  <nd ref="4345305682"/>
  <nd ref="2277095798"/>
  <nd ref="4345305679"/>
  <nd ref="4345305678"/>
  <nd ref="8670147941"/>
  <nd ref="8670147940"/>
  <nd ref="8670147942"/>
  <nd ref="8258687316"/>
  <nd ref="8670147943"/>
  <nd ref="4345305676"/>
  <nd ref="8258733517"/>
  <nd ref="8258733518"/>
  <nd ref="2277095607"/>
  <nd ref="8258733519"/>
  <nd ref="4345305673"/>
  <nd ref="4345305670"/>
  <nd ref="4345305665"/>
  <nd ref="8670147950"/>
  <nd ref="4345305659"/>
  <nd ref="8670147949"/>
  <nd ref="8670147948"/>
  <nd ref="8670147947"/>
  <nd ref="8670147946"/>
  <nd ref="8670147945"/>
  <nd ref="8670147944"/>
  <nd ref="4345305656"/>
  <nd ref="4345305657"/>
  <nd ref="4345305663"/>
  <nd ref="4345305667"/>
  <nd ref="8670147951"/>
  <nd ref="2277095577"/>
  <nd ref="2277095615"/>
  <nd ref="4345305681"/>
  <nd ref="2277095794"/>
  <nd ref="4345305677"/>
  <nd ref="4345305674"/>
  <nd ref="2277095774"/>
  <nd ref="4345305658"/>
  <nd ref="2277095778"/>
  <nd ref="8670147952"/>
  <nd ref="2277095785"/>
  <nd ref="4345305630"/>
  <nd ref="8670147953"/>
  <nd ref="8670147954"/>
  <nd ref="8670147955"/>
  <nd ref="2277095766"/>
  <nd ref="4345305628"/>
  <nd ref="4345305635"/>
  <nd ref="2277095756"/>
  <nd ref="4345305623"/>
  <nd ref="2277095723"/>
  <nd ref="4345305621"/>
  <nd ref="2277095745"/>
  <nd ref="4345305617"/>
  <nd ref="2277095656"/>
  <nd ref="4345305614"/>
  <nd ref="4345305612"/>
  <nd ref="2277095626"/>
  <nd ref="8670147956"/>
  <nd ref="8670147957"/>
  <nd ref="4345305616"/>
  <nd ref="2277095611"/>
  <nd ref="8670147958"/>
  <nd ref="8670147959"/>
  <nd ref="8670147960"/>
  <nd ref="2277095593"/>
  <nd ref="8670147961"/>
  <nd ref="2897166112"/>
  <nd ref="8670147962"/>
  <nd ref="8670147963"/>
  <nd ref="4345305608"/>
  <nd ref="2897166111"/>
  <nd ref="2897186826"/>
  <nd ref="2897186827"/>
  <nd ref="2897186831"/>
  <tag k="access" v="yes"/>
  <tag k="bicycle" v="designated"/>
  <tag k="foot" v="yes"/>
  <tag k="highway" v="path"/>
  <tag k="horse" v="no"/>
  <tag k="motor_vehicle" v="no"/>
  <tag k="name" v="Muddy Paws ◆"/>
  <tag k="oneway" v="yes"/>
  <tag k="source" v="Site survey (2021-Apr)"/>
  <tag k="width" v="0.5"/>
 </way>
 <way id="286081417" visible="true" version="11" changeset="130053408" timestamp="2022-12-13T23:16:56Z" user="Megaminx12" uid="12375475">
  <nd ref="2897211051"/>
  <nd ref="2897124396"/>
  <nd ref="2897124397"/>
  <nd ref="4345305605"/>
  <nd ref="8670147844"/>
  <nd ref="4345305609"/>
  <nd ref="2897124399"/>
  <nd ref="2897124400"/>
  <nd ref="4345305611"/>
  <nd ref="8670147845"/>
  <nd ref="2897124501"/>
  <nd ref="4345305619"/>
  <nd ref="2897124502"/>
  <nd ref="8670147846"/>
  <nd ref="8670147847"/>
  <nd ref="2897124503"/>
  <nd ref="4345305624"/>
  <nd ref="8670147848"/>
  <nd ref="2897124504"/>
  <nd ref="8670147849"/>
  <nd ref="4345305632"/>
  <nd ref="8670147850"/>
  <nd ref="8670147851"/>
  <nd ref="2897124505"/>
  <nd ref="4345305644"/>
  <nd ref="2897124506"/>
  <nd ref="8670147852"/>
  <nd ref="2897124507"/>
  <nd ref="4345305655"/>
  <nd ref="4345305664"/>
  <nd ref="4345305668"/>
  <nd ref="2897124509"/>
  <nd ref="4345305671"/>
  <nd ref="2897124510"/>
  <nd ref="4345305661"/>
  <nd ref="2897124511"/>
  <nd ref="8670147853"/>
  <nd ref="4345305654"/>
  <nd ref="4345305652"/>
  <nd ref="2897124512"/>
  <nd ref="8670147854"/>
  <nd ref="8670147855"/>
  <nd ref="4345305649"/>
  <nd ref="2897124513"/>
  <nd ref="4345305650"/>
  <nd ref="4345305647"/>
  <nd ref="4345305643"/>
  <nd ref="2897124514"/>
  <nd ref="4345305633"/>
  <nd ref="2897124515"/>
  <nd ref="2897124516"/>
  <nd ref="8670147856"/>
  <nd ref="4345305631"/>
  <nd ref="2897124517"/>
  <nd ref="2897124518"/>
  <nd ref="2897124519"/>
  <nd ref="4345305625"/>
  <nd ref="4345305626"/>
  <nd ref="4345305627"/>
  <nd ref="8692082921"/>
  <nd ref="4345305629"/>
  <nd ref="2897124520"/>
  <nd ref="2897124521"/>
  <nd ref="4345305634"/>
  <nd ref="2897124522"/>
  <nd ref="4345305639"/>
  <nd ref="8670147857"/>
  <nd ref="4345305641"/>
  <nd ref="4345305640"/>
  <nd ref="4345305642"/>
  <nd ref="4345305646"/>
  <nd ref="2897124523"/>
  <nd ref="2897124525"/>
  <nd ref="2897124526"/>
  <nd ref="4345305672"/>
  <nd ref="2897124527"/>
  <nd ref="2897124528"/>
  <nd ref="4345305675"/>
  <nd ref="4345305680"/>
  <nd ref="2897124530"/>
  <nd ref="4345305685"/>
  <nd ref="8670147859"/>
  <nd ref="8670147858"/>
  <nd ref="2897166116"/>
  <nd ref="8670147860"/>
  <nd ref="8670147861"/>
  <nd ref="8670147862"/>
  <nd ref="8258687311"/>
  <nd ref="2277095696"/>
  <tag k="access" v="yes"/>
  <tag k="bicycle" v="designated"/>
  <tag k="foot" v="yes"/>
  <tag k="highway" v="path"/>
  <tag k="horse" v="no"/>
  <tag k="motor_vehicle" v="no"/>
  <tag k="mtb:scale:imba" v="3"/>
  <tag k="name" v="Stinky Girl ◆"/>
  <tag k="oneway" v="yes"/>
  <tag k="piste:difficulty" v="advanced"/>
  <tag k="piste:type" v="fatbike"/>
  <tag k="source" v="Site survey (2021-Apr)"/>
  <tag k="width" v="0.5"/>
 </way>
 <way id="648094059" visible="true" version="1" changeset="64818077" timestamp="2018-11-23T11:55:59Z" user="ionutr2_telenav" uid="6229487">
  <nd ref="6085425019"/>
  <nd ref="6085425018"/>
  <nd ref="6085425017"/>
  <nd ref="6085425016"/>
  <tag k="highway" v="service"/>
 </way>
 <way id="827477634" visible="true" version="1" changeset="88160010" timestamp="2020-07-17T20:12:20Z" user="thampton" uid="9838062">
  <nd ref="1800124109"/>
  <nd ref="7725359318"/>
  <nd ref="1800124113"/>
  <nd ref="549641111"/>
  <nd ref="549641109"/>
  <nd ref="549641119"/>
  <nd ref="549641120"/>
  <nd ref="549641117"/>
  <nd ref="549641122"/>
  <nd ref="549641116"/>
  <nd ref="549641114"/>
  <nd ref="549641115"/>
  <nd ref="549641124"/>
  <nd ref="1800124109"/>
  <tag k="natural" v="grassland"/>
 </way>
 <way id="827477635" visible="true" version="2" changeset="88178772" timestamp="2020-07-18T15:16:39Z" user="thampton" uid="9838062">
  <nd ref="7726722419"/>
  <nd ref="549641107"/>
  <nd ref="549641105"/>
  <nd ref="549641131"/>
  <nd ref="1036461466"/>
  <nd ref="1036461469"/>
  <nd ref="1036461439"/>
  <nd ref="549641103"/>
  <nd ref="7725369093"/>
  <nd ref="7725369094"/>
  <nd ref="7725369095"/>
  <nd ref="7726722421"/>
  <nd ref="7726722419"/>
  <tag k="natural" v="grassland"/>
 </way>
 <way id="827477637" visible="true" version="1" changeset="88160010" timestamp="2020-07-17T20:12:20Z" user="thampton" uid="9838062">
  <nd ref="7725369096"/>
  <nd ref="7725369097"/>
  <nd ref="7725369098"/>
  <nd ref="7725369099"/>
  <nd ref="7725369100"/>
  <nd ref="7725369101"/>
  <nd ref="7725369102"/>
  <nd ref="7725369103"/>
  <nd ref="7725369104"/>
  <nd ref="7725369105"/>
  <nd ref="7725369106"/>
  <nd ref="7725369107"/>
  <nd ref="7725369108"/>
  <nd ref="7725369109"/>
  <nd ref="7725369110"/>
  <nd ref="7725369111"/>
  <nd ref="7725369112"/>
  <nd ref="7725369113"/>
  <nd ref="7725369114"/>
  <nd ref="7725369115"/>
  <nd ref="7725369116"/>
  <nd ref="7725369117"/>
  <nd ref="7725369118"/>
  <nd ref="7725369119"/>
  <nd ref="7725369120"/>
  <nd ref="7725369121"/>
  <nd ref="7725369122"/>
  <nd ref="7725369123"/>
  <nd ref="7725369124"/>
  <nd ref="7725369125"/>
  <nd ref="7725369126"/>
  <nd ref="7725369127"/>
  <nd ref="7725369096"/>
  <tag k="landuse" v="farmland"/>
 </way>
 <way id="827644743" visible="true" version="2" changeset="134499945" timestamp="2023-04-04T14:47:26Z" user="adomarat" uid="18256900">
  <nd ref="7726722396"/>
  <nd ref="6919394886"/>
  <nd ref="6919394887"/>
  <nd ref="6919394888"/>
  <tag k="access" v="private"/>
  <tag k="highway" v="track"/>
 </way>
 <way id="827644746" visible="true" version="1" changeset="88178772" timestamp="2020-07-18T15:16:39Z" user="thampton" uid="9838062">
  <nd ref="2277095650"/>
  <nd ref="7726722412"/>
  <nd ref="7726722413"/>
  <nd ref="7726722414"/>
  <nd ref="7726722415"/>
  <nd ref="7726722416"/>
  <nd ref="2277095660"/>
  <tag k="highway" v="service"/>
 </way>
 <way id="827644747" visible="true" version="1" changeset="88178772" timestamp="2020-07-18T15:16:39Z" user="thampton" uid="9838062">
  <nd ref="7726722421"/>
  <nd ref="7726722422"/>
  <nd ref="549641110"/>
  <nd ref="7726722420"/>
  <nd ref="2277095749"/>
  <nd ref="7726722423"/>
  <nd ref="2277095605"/>
  <nd ref="2277095580"/>
  <nd ref="549641091"/>
  <nd ref="2277095542"/>
  <nd ref="2277095587"/>
  <nd ref="7725369126"/>
  <nd ref="7725369125"/>
  <nd ref="7725369124"/>
  <nd ref="7725369123"/>
  <nd ref="7725369122"/>
  <nd ref="7725369121"/>
  <nd ref="7725369120"/>
  <nd ref="7725369119"/>
  <nd ref="7726722424"/>
  <nd ref="549641050"/>
  <nd ref="549641088"/>
  <nd ref="7726722406"/>
  <nd ref="7726722405"/>
  <nd ref="7726722407"/>
  <nd ref="7726722409"/>
  <nd ref="7726722410"/>
  <nd ref="7726722419"/>
  <nd ref="7726722421"/>
 </way>
 <way id="827644748" visible="true" version="1" changeset="88178772" timestamp="2020-07-18T15:16:39Z" user="thampton" uid="9838062">
  <nd ref="7726722425"/>
  <nd ref="7726722426"/>
  <nd ref="7726722427"/>
  <nd ref="7726722428"/>
  <nd ref="7726722429"/>
  <nd ref="7726722430"/>
  <nd ref="7726722431"/>
  <nd ref="7726722432"/>
  <nd ref="7726722433"/>
  <nd ref="7726722434"/>
  <nd ref="7726722425"/>
  <tag k="intermittent" v="yes"/>
  <tag k="natural" v="water"/>
  <tag k="water" v="basin"/>
 </way>
 <way id="827644749" visible="true" version="1" changeset="88178772" timestamp="2020-07-18T15:16:39Z" user="thampton" uid="9838062">
  <nd ref="7726722435"/>
  <nd ref="7726722436"/>
  <nd ref="7726722437"/>
  <nd ref="7726722438"/>
  <nd ref="7726722439"/>
  <nd ref="7726722440"/>
  <nd ref="7726722441"/>
  <nd ref="7726722442"/>
  <nd ref="7726722443"/>
  <nd ref="7726722444"/>
  <nd ref="7726722435"/>
  <tag k="intermittent" v="yes"/>
  <tag k="natural" v="water"/>
  <tag k="water" v="basin"/>
 </way>
 <way id="827644750" visible="true" version="1" changeset="88178772" timestamp="2020-07-18T15:16:39Z" user="thampton" uid="9838062">
  <nd ref="7726722445"/>
  <nd ref="7726722446"/>
  <nd ref="7726722447"/>
  <nd ref="7726722448"/>
  <nd ref="7726722449"/>
  <nd ref="7726722450"/>
  <nd ref="7726722451"/>
  <nd ref="7726722452"/>
  <nd ref="7726722453"/>
  <nd ref="7726722454"/>
  <nd ref="7726722455"/>
  <nd ref="7726722456"/>
  <nd ref="7726722457"/>
  <nd ref="7726722458"/>
  <nd ref="7726722459"/>
  <nd ref="7726722460"/>
  <nd ref="7726722461"/>
  <nd ref="7726722462"/>
  <nd ref="7726722463"/>
  <nd ref="7726722464"/>
  <nd ref="7726722465"/>
  <nd ref="7726722466"/>
  <nd ref="7726722467"/>
  <nd ref="7726722468"/>
  <nd ref="7726722469"/>
  <nd ref="7726722470"/>
  <nd ref="7726722471"/>
  <nd ref="7726722472"/>
  <nd ref="7726722473"/>
  <nd ref="7726722474"/>
  <nd ref="7726722475"/>
  <nd ref="7726722476"/>
  <nd ref="7726722477"/>
  <nd ref="7726722478"/>
  <nd ref="7726722479"/>
  <nd ref="7726722480"/>
  <nd ref="7726722481"/>
  <nd ref="7726722482"/>
  <nd ref="7726722483"/>
  <nd ref="7726722484"/>
  <nd ref="7726722485"/>
  <nd ref="7726722486"/>
  <nd ref="7726722487"/>
  <nd ref="7726722488"/>
  <nd ref="7726722489"/>
  <nd ref="7726722490"/>
  <nd ref="7726722491"/>
  <nd ref="7726722492"/>
  <nd ref="7726722493"/>
  <nd ref="7726722494"/>
  <nd ref="7726722495"/>
  <nd ref="7726722445"/>
  <tag k="natural" v="wetland"/>
  <tag k="wetland" v="marsh"/>
 </way>
 <way id="827644752" visible="true" version="1" changeset="88178772" timestamp="2020-07-18T15:16:39Z" user="thampton" uid="9838062">
  <nd ref="549641051"/>
  <nd ref="7726722424"/>
  <nd ref="7725369119"/>
  <nd ref="7725369118"/>
  <nd ref="7725369117"/>
  <nd ref="7725369116"/>
  <nd ref="7725369115"/>
  <nd ref="7725369114"/>
  <nd ref="7725369113"/>
  <nd ref="7725369112"/>
  <nd ref="7725369111"/>
  <nd ref="7725369110"/>
  <nd ref="7725369109"/>
  <nd ref="7725369108"/>
  <nd ref="7725369107"/>
  <nd ref="7725369106"/>
  <nd ref="7725369105"/>
  <nd ref="7725369104"/>
  <nd ref="7725369103"/>
  <nd ref="7725369102"/>
  <nd ref="7725369101"/>
  <nd ref="7725369100"/>
  <nd ref="7725369099"/>
  <nd ref="7725369098"/>
  <nd ref="7725369097"/>
  <nd ref="7725369096"/>
  <nd ref="7725369127"/>
  <nd ref="7725369126"/>
  <nd ref="2277095587"/>
  <nd ref="2277095532"/>
  <nd ref="2277095540"/>
  <nd ref="2277095712"/>
  <nd ref="2277095641"/>
  <nd ref="2277095597"/>
  <nd ref="2277095662"/>
  <nd ref="7725359324"/>
  <nd ref="1800124103"/>
  <nd ref="7725359326"/>
  <nd ref="6919394978"/>
  <nd ref="7726722568"/>
  <nd ref="4688436186"/>
  <nd ref="7725369092"/>
  <nd ref="7726722582"/>
  <nd ref="7726722570"/>
  <nd ref="7726722543"/>
  <nd ref="7726722544"/>
  <nd ref="6088967467"/>
  <nd ref="6088967468"/>
  <nd ref="6088967469"/>
  <nd ref="6088967470"/>
  <nd ref="6088967471"/>
  <nd ref="6088967472"/>
  <nd ref="6088967473"/>
  <nd ref="479918220"/>
  <nd ref="479918182"/>
  <nd ref="479918197"/>
  <nd ref="479918153"/>
  <nd ref="479918164"/>
  <nd ref="6088967474"/>
  <nd ref="6088967475"/>
  <nd ref="6088967476"/>
  <nd ref="6088967477"/>
  <nd ref="6088967460"/>
  <nd ref="6088967461"/>
  <nd ref="6088967479"/>
  <nd ref="6088967480"/>
  <nd ref="6088967481"/>
  <nd ref="6088967482"/>
  <nd ref="6088967483"/>
  <nd ref="6088967484"/>
  <nd ref="6088967485"/>
  <nd ref="6088967486"/>
  <nd ref="6088967487"/>
  <nd ref="6088967488"/>
  <nd ref="6088967489"/>
  <nd ref="6088967490"/>
  <nd ref="7726722545"/>
  <nd ref="7726722546"/>
  <nd ref="7726722547"/>
  <nd ref="7726722548"/>
  <nd ref="7726722549"/>
  <nd ref="7726722550"/>
  <nd ref="549641048"/>
  <nd ref="549641049"/>
  <nd ref="549641046"/>
  <nd ref="549641062"/>
  <nd ref="549641063"/>
  <nd ref="549641066"/>
  <nd ref="549641061"/>
  <nd ref="549641064"/>
  <nd ref="7726722141"/>
  <nd ref="549641051"/>
 </way>
 <way id="888298039" visible="true" version="7" changeset="130053408" timestamp="2022-12-13T23:16:56Z" user="Megaminx12" uid="12375475">
  <nd ref="2277095696"/>
  <nd ref="8258733525"/>
  <nd ref="8258733526"/>
  <nd ref="8258733527"/>
  <nd ref="8258733528"/>
  <nd ref="8258733529"/>
  <nd ref="8258733530"/>
  <nd ref="8258733531"/>
  <nd ref="8258733532"/>
  <nd ref="8258733533"/>
  <nd ref="8258733534"/>
  <nd ref="8258733535"/>
  <nd ref="8258733536"/>
  <nd ref="8258733537"/>
  <nd ref="8258733538"/>
  <nd ref="8258733539"/>
  <nd ref="8258733540"/>
  <nd ref="8258733541"/>
  <nd ref="8258733542"/>
  <nd ref="8258733543"/>
  <nd ref="8258733544"/>
  <nd ref="8258733545"/>
  <nd ref="8258733546"/>
  <nd ref="8258733547"/>
  <nd ref="8258733548"/>
  <nd ref="8258733549"/>
  <nd ref="8258733550"/>
  <nd ref="8258733551"/>
  <nd ref="8258733552"/>
  <nd ref="8258733553"/>
  <nd ref="8258733554"/>
  <nd ref="8258733555"/>
  <nd ref="8258733556"/>
  <nd ref="8258733557"/>
  <nd ref="8258733558"/>
  <nd ref="8258733559"/>
  <nd ref="8670147968"/>
  <nd ref="8670147967"/>
  <nd ref="8258733560"/>
  <nd ref="4345305590"/>
  <tag k="access" v="yes"/>
  <tag k="bicycle" v="designated"/>
  <tag k="foot" v="yes"/>
  <tag k="highway" v="path"/>
  <tag k="horse" v="no"/>
  <tag k="motor_vehicle" v="no"/>
  <tag k="mtb:scale:imba" v="2"/>
  <tag k="name" v="The Bride 🟦"/>
  <tag k="oneway" v="yes"/>
  <tag k="piste:difficulty" v="intermediate"/>
  <tag k="piste:type" v="fatbike"/>
  <tag k="width" v="0.5"/>
 </way>
 <way id="952821222" visible="true" version="1" changeset="106121727" timestamp="2021-06-10T01:37:54Z" user="Megaminx12" uid="12375475">
  <nd ref="2277095696"/>
  <nd ref="8819245548"/>
  <tag k="access" v="yes"/>
  <tag k="bicycle" v="designated"/>
  <tag k="foot" v="yes"/>
  <tag k="highway" v="path"/>
  <tag k="horse" v="no"/>
  <tag k="motor_vehicle" v="no"/>
  <tag k="name" v="Frankenstein"/>
  <tag k="oneway" v="yes"/>
  <tag k="piste:difficulty" v="advanced"/>
  <tag k="piste:type" v="fatbike"/>
  <tag k="source" v="Site survey (2021-Apr)"/>
 </way>
 <way id="1121933036" visible="true" version="2" changeset="160046009" timestamp="2024-12-08T05:07:17Z" user="carter_oswald" uid="15916614">
  <nd ref="2277095696"/>
  <nd ref="10261421637"/>
  <nd ref="10261421638"/>
  <nd ref="10261421639"/>
  <nd ref="10261421640"/>
  <nd ref="10261421641"/>
  <nd ref="10261421642"/>
  <nd ref="10261421643"/>
  <nd ref="10261421644"/>
  <nd ref="10261421645"/>
  <nd ref="10261421646"/>
  <nd ref="10261421647"/>
  <nd ref="10261421648"/>
  <nd ref="10261421649"/>
  <nd ref="10261421650"/>
  <nd ref="10261421651"/>
  <nd ref="10261421652"/>
  <nd ref="10261421653"/>
  <nd ref="12404220414"/>
  <nd ref="10261421654"/>
  <nd ref="10261421655"/>
  <nd ref="10261421656"/>
  <nd ref="10261421657"/>
  <nd ref="10261421658"/>
  <nd ref="10261421659"/>
  <nd ref="10261421660"/>
  <nd ref="10261421661"/>
  <nd ref="2277095696"/>
  <tag k="access" v="yes"/>
  <tag k="bicycle" v="designated"/>
  <tag k="foot" v="no"/>
  <tag k="highway" v="path"/>
  <tag k="horse" v="no"/>
  <tag k="motor_vehicle" v="no"/>
  <tag k="mtb:scale:imba" v="3"/>
  <tag k="name" v="Jacobian Bike Park ◆"/>
  <tag k="oneway" v="yes"/>
  <tag k="width" v="1"/>
 </way>
 <way id="1178248703" visible="true" version="1" changeset="136852660" timestamp="2023-06-02T05:17:25Z" user="jtracey" uid="1450048">
  <nd ref="10945625031"/>
  <nd ref="10945625028"/>
  <nd ref="10945625029"/>
  <nd ref="10945625030"/>
  <nd ref="10945625031"/>
  <tag k="building" v="yes"/>
 </way>
 <way id="1178248704" visible="true" version="1" changeset="136852660" timestamp="2023-06-02T05:17:25Z" user="jtracey" uid="1450048">
  <nd ref="10945625035"/>
  <nd ref="10945625034"/>
  <nd ref="10945625033"/>
  <nd ref="10945625032"/>
  <nd ref="10945625035"/>
  <tag k="building" v="yes"/>
 </way>
 <way id="1178248705" visible="true" version="1" changeset="136852660" timestamp="2023-06-02T05:17:25Z" user="jtracey" uid="1450048">
  <nd ref="10945625039"/>
  <nd ref="10945625036"/>
  <nd ref="10945625037"/>
  <nd ref="10945625038"/>
  <nd ref="10945625039"/>
  <tag k="building" v="yes"/>
 </way>
 <way id="1178248706" visible="true" version="1" changeset="136852660" timestamp="2023-06-02T05:17:25Z" user="jtracey" uid="1450048">
  <nd ref="10945625043"/>
  <nd ref="10945625040"/>
  <nd ref="10945625041"/>
  <nd ref="10945625042"/>
  <nd ref="10945625043"/>
  <tag k="building" v="yes"/>
 </way>
 <way id="1178248707" visible="true" version="1" changeset="136852660" timestamp="2023-06-02T05:17:25Z" user="jtracey" uid="1450048">
  <nd ref="10945625053"/>
  <nd ref="10945625050"/>
  <nd ref="10945625045"/>
  <nd ref="10945625044"/>
  <nd ref="10945625051"/>
  <nd ref="10945625052"/>
  <nd ref="10945625049"/>
  <nd ref="10945625047"/>
  <nd ref="10945625046"/>
  <nd ref="10945625048"/>
  <nd ref="10945625053"/>
  <tag k="building" v="yes"/>
 </way>
 <way id="1178248708" visible="true" version="1" changeset="136852660" timestamp="2023-06-02T05:17:25Z" user="jtracey" uid="1450048">
  <nd ref="10945625057"/>
  <nd ref="10945625054"/>
  <nd ref="10945625055"/>
  <nd ref="10945625056"/>
  <nd ref="10945625057"/>
  <tag k="building" v="yes"/>
 </way>
 <way id="1178248709" visible="true" version="1" changeset="136852660" timestamp="2023-06-02T05:17:25Z" user="jtracey" uid="1450048">
  <nd ref="10945625061"/>
  <nd ref="10945625060"/>
  <nd ref="10945625059"/>
  <nd ref="10945625058"/>
  <nd ref="10945625061"/>
  <tag k="building" v="yes"/>
 </way>
 <way id="1244100886" visible="true" version="2" changeset="167504634" timestamp="2025-06-11T18:44:03Z" user="adomarat" uid="18256900">
  <nd ref="11564484815"/>
  <nd ref="11564484813"/>
  <nd ref="11564484814"/>
  <nd ref="11564484816"/>
  <nd ref="2277095781"/>
  <tag k="access" v="private"/>
  <tag k="highway" v="path"/>
  <tag k="informal" v="yes"/>
 </way>
 <way id="1340952471" visible="true" version="2" changeset="167504634" timestamp="2025-06-11T18:44:03Z" user="adomarat" uid="18256900">
  <nd ref="12404213695"/>
  <nd ref="12404213686"/>
  <nd ref="12404220425"/>
  <nd ref="12404220414"/>
  <tag k="access" v="private"/>
  <tag k="highway" v="path"/>
  <tag k="informal" v="yes"/>
 </way>
 <way id="1340952472" visible="true" version="2" changeset="167504634" timestamp="2025-06-11T18:44:03Z" user="adomarat" uid="18256900">
  <nd ref="12404220436"/>
  <nd ref="12404220428"/>
  <nd ref="12404220432"/>
  <nd ref="12404220410"/>
  <nd ref="12404220430"/>
  <nd ref="12404213689"/>
  <nd ref="12404220417"/>
  <nd ref="12404220405"/>
  <nd ref="12404220424"/>
  <nd ref="12404213692"/>
  <nd ref="12404220404"/>
  <nd ref="12404220420"/>
  <nd ref="12404220403"/>
  <nd ref="12404220426"/>
  <nd ref="12404213695"/>
  <nd ref="12404220439"/>
  <nd ref="12404220421"/>
  <nd ref="12404220407"/>
  <nd ref="12404220422"/>
  <nd ref="12404213700"/>
  <nd ref="12404213693"/>
  <nd ref="12404220418"/>
  <nd ref="12404213698"/>
  <tag k="access" v="private"/>
  <tag k="highway" v="path"/>
  <tag k="informal" v="yes"/>
 </way>
 <relation id="2062154" visible="true" version="21" changeset="161653799" timestamp="2025-01-22T21:37:27Z" user="DannyMcD" uid="5789626">
  <member type="way" ref="1347258721" role="outer"/>
  <member type="way" ref="1353510025" role="outer"/>
  <member type="way" ref="973401416" role="outer"/>
  <member type="way" ref="1347259626" role="outer"/>
  <member type="way" ref="1347262151" role="outer"/>
  <member type="way" ref="1347267299" role="outer"/>
  <member type="way" ref="152494954" role="outer"/>
  <member type="way" ref="1347272945" role="outer"/>
  <member type="way" ref="973401417" role="outer"/>
  <member type="way" ref="152494974" role="outer"/>
  <member type="way" ref="152494980" role="outer"/>
  <member type="way" ref="152494982" role="outer"/>
  <member type="way" ref="276145226" role="outer"/>
  <member type="node" ref="248829055" role="label"/>
  <tag k="admin_level" v="8"/>
  <tag k="boundary" v="administrative"/>
  <tag k="name" v="Waterloo"/>
  <tag k="place" v="city"/>
  <tag k="population" v="121436"/>
  <tag k="population:date" v="2021"/>
  <tag k="type" v="boundary"/>
  <tag k="website" v="http://www.waterloo.ca"/>
  <tag k="wikidata" v="Q639408"/>
  <tag k="wikimedia_commons" v="Category:Kitchener, Ontario"/>
  <tag k="wikipedia" v="en:Waterloo, Ontario"/>
 </relation>
 <relation id="2062157" visible="true" version="18" changeset="160781935" timestamp="2024-12-30T09:35:08Z" user="soliMM" uid="7613148">
  <member type="way" ref="152494938" role="outer"/>
  <member type="way" ref="152494982" role="outer"/>
  <member type="way" ref="1347271997" role="outer"/>
  <member type="way" ref="152495032" role="outer"/>
  <member type="way" ref="1347269787" role="outer"/>
  <member type="way" ref="1347255424" role="outer"/>
  <member type="way" ref="1347253946" role="outer"/>
  <member type="way" ref="1346630816" role="outer"/>
  <member type="way" ref="152494975" role="outer"/>
  <member type="way" ref="152494869" role="outer"/>
  <member type="way" ref="1051879405" role="outer"/>
  <member type="way" ref="264253222" role="outer"/>
  <member type="way" ref="152773657" role="outer"/>
  <member type="way" ref="914030796" role="outer"/>
  <member type="way" ref="632056027" role="outer"/>
  <member type="way" ref="516241494" role="outer"/>
  <member type="way" ref="152495027" role="outer"/>
  <tag k="admin_level" v="8"/>
  <tag k="boundary" v="administrative"/>
  <tag k="name" v="Wilmot"/>
  <tag k="population" v="20545"/>
  <tag k="population:date" v="2016"/>
  <tag k="type" v="boundary"/>
  <tag k="website" v="http://www.wilmot.ca"/>
  <tag k="wikidata" v="Q4116651"/>
  <tag k="wikipedia" v="en:Wilmot, Ontario"/>
 </relation>
 <relation id="11318898" visible="true" version="1" changeset="88178772" timestamp="2020-07-18T15:16:39Z" user="thampton" uid="9838062">
  <member type="way" ref="43536199" role="outer"/>
  <member type="way" ref="827644738" role="inner"/>
  <member type="way" ref="827644737" role="inner"/>
  <member type="way" ref="827644739" role="inner"/>
  <member type="way" ref="827644740" role="inner"/>
  <member type="way" ref="827644741" role="inner"/>
  <tag k="attribution" v="Natural Resources Canada"/>
  <tag k="canvec:CODE" v="1240022"/>
  <tag k="natural" v="wood"/>
  <tag k="source" v="CanVec_Import_2009"/>
  <tag k="type" v="multipolygon"/>
 </relation>
 <relation id="11318901" visible="true" version="1" changeset="88178772" timestamp="2020-07-18T15:16:39Z" user="thampton" uid="9838062">
  <member type="way" ref="827644747" role="outer"/>
  <member type="way" ref="827644742" role="inner"/>
  <member type="way" ref="827644750" role="inner"/>
  <tag k="natural" v="grassland"/>
  <tag k="type" v="multipolygon"/>
 </relation>
 <relation id="11318903" visible="true" version="1" changeset="88178772" timestamp="2020-07-18T15:16:39Z" user="thampton" uid="9838062">
  <member type="way" ref="827644752" role="outer"/>
  <member type="way" ref="827644734" role="inner"/>
  <member type="way" ref="648583146" role="inner"/>
  <member type="way" ref="827644757" role="inner"/>
  <member type="way" ref="827644758" role="inner"/>
  <tag k="natural" v="grassland"/>
  <tag k="type" v="multipolygon"/>
 </relation>
 <relation id="13094224" visible="true" version="9" changeset="164565611" timestamp="2025-04-05T19:28:51Z" user="DannyMcD" uid="5789626">
  <member type="way" ref="152494869" role="outer"/>
  <member type="way" ref="1051879405" role="outer"/>
  <member type="way" ref="264253222" role="outer"/>
  <member type="way" ref="914030796" role="outer"/>
  <member type="way" ref="152773657" role="outer"/>
  <member type="way" ref="632056027" role="outer"/>
  <member type="way" ref="516241494" role="outer"/>
  <member type="way" ref="914030794" role="outer"/>
  <member type="way" ref="152494874" role="outer"/>
  <member type="way" ref="516162246" role="outer"/>
  <member type="way" ref="516714088" role="outer"/>
  <member type="way" ref="516714085" role="outer"/>
  <member type="way" ref="152494958" role="outer"/>
  <member type="way" ref="152494865" role="outer"/>
  <member type="way" ref="973401415" role="outer"/>
  <member type="way" ref="1347268852" role="outer"/>
  <member type="way" ref="1347259805" role="outer"/>
  <member type="way" ref="152494939" role="outer"/>
  <member type="way" ref="1347259631" role="outer"/>
  <member type="way" ref="1347258722" role="outer"/>
  <member type="way" ref="276145226" role="outer"/>
  <member type="way" ref="152494982" role="outer"/>
  <member type="way" ref="152494980" role="outer"/>
  <member type="way" ref="152494976" role="outer"/>
  <member type="way" ref="973401417" role="outer"/>
  <member type="way" ref="973401419" role="outer"/>
  <member type="way" ref="973401422" role="outer"/>
  <member type="way" ref="973401420" role="outer"/>
  <member type="way" ref="152494975" role="outer"/>
  <tag k="boundary" v="political"/>
  <tag k="name" v="Kitchener—Conestoga"/>
  <tag k="political_division" v="parl_const"/>
  <tag k="type" v="boundary"/>
  <tag k="wikidata" v="Q3197577"/>
  <tag k="wikipedia" v="en:Kitchener—Conestoga (federal electoral district)"/>
 </relation>
 <relation id="13094225" visible="true" version="11" changeset="164565611" timestamp="2025-04-05T19:28:51Z" user="DannyMcD" uid="5789626">
  <member type="way" ref="276145226" role="outer"/>
  <member type="way" ref="152494982" role="outer"/>
  <member type="way" ref="152494980" role="outer"/>
  <member type="way" ref="152494976" role="outer"/>
  <member type="way" ref="973401417" role="outer"/>
  <member type="way" ref="1347272945" role="outer"/>
  <member type="way" ref="152494954" role="outer"/>
  <member type="way" ref="1347267299" role="outer"/>
  <member type="way" ref="1347262151" role="outer"/>
  <member type="way" ref="1347259626" role="outer"/>
  <member type="way" ref="973401416" role="outer"/>
  <member type="way" ref="1353510025" role="outer"/>
  <member type="way" ref="1347258721" role="outer"/>
  <tag k="boundary" v="political"/>
  <tag k="name" v="Waterloo"/>
  <tag k="political_division" v="parl_const"/>
  <tag k="type" v="boundary"/>
  <tag k="wikidata" v="Q3566686"/>
  <tag k="wikipedia" v="en:Waterloo (federal electoral district)"/>
 </relation>
</osm>
